residue_name,residue_id,name,anomer,absolute,ring,parent_id,site,form_name,limited_to,not_found_in,notes,who,evidence,comment

N-glycan_sulfate_469,N469,sulfate,n,n,n,N29,4,sulfate,,,,,,
N-glycan_sulfate_470,N470,sulfate,n,n,n,N30,4,sulfate,,,,,,
N-glycan_sulfate_471,N471,sulfate,n,n,n,N8,3,sulfate,,,,,,
N-glycan_b-D-NeupNAc_472,N472,NeuNAc,b,D,p,N3,6,NeupNAc,,,,,,
N-glycan_sulfate_473,N473,sulfate,n,n,n,N2,6,sulfate,,,,,,
N-glycan_a-D-Glcp_474,N474,Glc,a,D,p,N219,3,Glcp,,,,,,
N-glycan_b-D-Galp_475,N475,Gal,b,D,p,N226,4,Galp,,,,,,
N-glycan_phosphate_476,N476,phosphate,n,n,n,N23,6,phosphate,,,,,,
N-glycan_b-D-Xylf_477,N477,Xyl,b,D,f,NC,2,Xylf,,,,,,
N-glycan_a-D-Xylp_478,N478,Xyl,a,D,p,NC,2,Xylp,,,,,,
N-glycan_sulfate_479,N479,sulfate,n,n,n,N3,3,sulfate,,,,,,
N-glycan_a-D-NeupNAc_480,N480,NeuNAc,a,D,p,N324,3,NeupNAc,,,,,,
N-glycan_phosphate_481,N481,phosphate,n,n,n,N21,6,phosphate,,,,,,
N-glycan_a-D-Glcp_482,N482,Glc,a,D,p,N273,3,Glcp,,,,,,
N-glycan_sulfate_483,N483,sulfate,n,n,n,N5,6,sulfate,,,,,,
N-glycan_sulfate_484,N484,sulfate,n,n,n,N2,3,sulfate,,,,,,
N-glycan_b-D-Xylp_485,N485,Xyl,b,D,p,NC,2,Xylp,,,,,,
N-glycan_b-D-GlcpNAc_486,N486,GlcNAc,b,D,p,N433,3,GlcpNAc,,,,,,
N-glycan_sulfate_487,N487,sulfate,n,n,n,N6,3,sulfate,,,,,,
N-glycan_b-D-Manp_488,N488,Man,b,D,p,N2,4,Manp,,,,,,
N-glycan_a-D-NeupNAc_489,N489,NeuNAc,a,D,p,N375,6,NeupNAc,,,,,,
N-glycan_sulfate_490,N490,sulfate,n,n,n,N29,3,sulfate,,,,,,
N-glycan_sulfate_491,N491,sulfate,n,n,n,N30,3,sulfate,,,,,,
N-glycan_b-D-Glcp_492,N492,Glc,b,D,p,N330,2,Glcp,,,,,,
N-glycan_a-D-Xylf_493,N493,Xyl,a,D,f,NC,2,Xylf,,,,,,
N-glycan_b-D-GlcpNAc_494,N494,GlcNAc,b,D,p,N468,3,GlcpNAc,,,,,,
N-glycan_a-D-Galp_495,N495,Gal,a,D,p,N358,3,Galp,,,,,,
N-glycan_b-D-GlcpNAc_496,N496,GlcNAc,b,D,p,N352,4,GlcpNAc,,,,,,
N-glycan_b-D-Galp_497,N497,Gal,b,D,p,N355,4,Galp,,,,,,
N-glycan_b-D-Manp_498,N498,Man,b,D,p,N4,4,Manp,,,,,,
N-glycan_b-D-Galp_499,N499,Gal,b,D,p,N75,3,Galp,,,,,,
N-glycan_sulfate_500,N500,sulfate,n,n,n,N6,6,sulfate,,,,,,
N-glycan_a-L-Fucp_501,N501,Fuc,a,L,p,N313,3,Fucp,,,,,,
N-glycan_sulfate_502,N502,sulfate,n,n,n,N7,6,sulfate,,,,,,
N-glycan_a-D-NeupNAc_503,N503,NeuNAc,a,D,p,N421,3,NeupNAc,,,,,,
N-glycan_b-D-GlcpNAc_504,N504,GlcNAc,b,D,p,N396,4,GlcpNAc,,,,,,
N-glycan_a-D-GlcpNAc_505,N505,GlcNAc,a,D,p,N481,1,GlcpNAc,,,,,,
N-glycan_a-D-NeupNAc_506,N506,NeuNAc,a,D,p,N375,3,NeupNAc,,,,,,
N-glycan_a-D-Galp_507,N507,Gal,a,D,p,N22,2,Galp,,,,,,
N-glycan_b-D-Galp_508,N508,Gal,b,D,p,N486,4,Galp,,,,,,
N-glycan_b-D-Galp_509,N509,Gal,b,D,p,N10,4,Galp,,,,,,
N-glycan_a-D-Glcp_510,N510,Glc,a,D,p,N451,3,Glcp,,,,,,
N-glycan_a-D-Glcp_511,N511,Glc,a,D,p,N510,2,Glcp,,,,,,
N-glycan_a-D-Manp_512,N512,Man,a,D,p,N21,6,Manp,,,,,,
N-glycan_a-D-Manp_513,N513,Man,a,D,p,N2,4,Manp,,,,,,
N-glycan_b-D-GlcpNAc_514,N514,GlcNAc,b,D,p,N375,2,GlcpNAc,,,,,,
N-glycan_a-L-Fucp_515,N515,Fuc,a,L,p,N462,6,Fucp,,,,,,
N-glycan_a-D-Glcp_516,N516,Glc,a,D,p,N5,4,Glcp,,,,,,
N-glycan_b-D-Galp_517,N517,Gal,b,D,p,N494,4,Galp,,,,,,
