glycan_ID,residue,residue_ID,name,anomer,absolute,ring,parent_ID,site,form_name
G00249IY,unassigned,11,GlcNAc,x,D,p,N4,x,GlcpNAc
G00249IY,unassigned,12,Gal,x,D,p,11,x,Galp
G00249IY,unassigned,14,Fuc,x,L,p,NA,6,Fucp
G00249IY,unassigned,15,Fuc,x,L,p,x,x,Fucp
G00249IY,unassigned,7,GlcNAc,x,D,p,N1,x,GlcpNAc
G00249IY,unassigned,8,Gal,x,D,p,7,x,Galp
G00553AN,unassigned,11,NeuNAc,x,D,p,10,x,NeupNAc
G00553AN,unassigned,14,GlcNAc,x,D,p,x,x,GlcpNAc
G00553AN,unassigned,15,Gal,x,D,p,14,x,Galp
G00553AN,unassigned,16,NeuNAc,x,D,p,15,x,NeupNAc
G00553AN,unassigned,19,GlcNAc,x,D,p,x,x,GlcpNAc
G00553AN,unassigned,9,GlcNAc,x,D,p,x,x,GlcpNAc
G00553AN,unassigned,20,Gal,x,D,p,19,x,Galp
G00553AN,unassigned,10,Gal,x,D,p,9,x,Galp
G00800WJ,unassigned,11,GlcNAc,b,D,p,10,x,GlcpNAc
G00800WJ,unassigned,13,Gal,b,D,p,11,4,Galp
G00800WJ,unassigned,14,GlcNAc,b,D,p,10,x,GlcpNAc
G00800WJ,unassigned,16,Gal,b,D,p,14,4,Galp
G00800WJ,unassigned,17,NeuNAc,a,D,p,16,3,NeupNAc
G00800WJ,unassigned,6,Man,a,D,p,NC,x,Manp
G00800WJ,unassigned,7,GlcNAc,b,D,p,6,2,GlcpNAc
G00800WJ,unassigned,9,Gal,b,D,p,7,4,Galp
G00800WJ,unassigned,20,NeuNAc,a,D,p,x,x,NeupNAc
G00800WJ,unassigned,10,Man,a,D,p,NC,x,Manp
G01223AA,unassigned,23,Gal,b,D,p,21,4,Galp
G01223AA,unassigned,21,GlcNAc,b,D,p,x,x,GlcpNAc
G01543ZX,unassigned,18,NeuNAc,a,D,p,x,x,NeupNAc
G01543ZX,unassigned,20,NeuNAc,a,D,p,x,x,NeupNAc
G01817YC,unassigned,12,GlcNAc,b,D,p,9,x,GlcpNAc
G01817YC,unassigned,14,Gal,b,D,p,12,4,Galp
G01817YC,unassigned,16,GalNAc,b,D,p,x,x,GalpNAc
G01817YC,unassigned,18,NeuNAc,a,D,p,x,x,NeupNAc
G01817YC,unassigned,6,Man,a,D,p,NC,x,Manp
G01817YC,unassigned,7,GlcNAc,b,D,p,6,x,GlcpNAc
G01817YC,unassigned,9,Man,a,D,p,NC,x,Manp
G01817YC,unassigned,20,Gal,b,D,p,x,x,Galp
G01817YC,unassigned,10,GlcNAc,b,D,p,9,x,GlcpNAc
G01817YC,unassigned,21,NeuNAc,a,D,p,20,3,NeupNAc
G02402FF,unassigned,8,Man,x,D,p,x,x,Manp
G03081ER,unassigned,11,Man,a,D,p,NC,3|6,Manp
G03081ER,unassigned,12,GlcNAc,x,D,p,11,x,GlcpNAc
G03081ER,unassigned,15,Gal,x,D,p,x,x,Galp
G03081ER,unassigned,6,Man,a,D,p,NC,3|6,Manp
G03081ER,unassigned,7,GlcNAc,x,D,p,6,x,GlcpNAc
G03081ER,unassigned,9,GlcNAc,x,D,p,6,x,GlcpNAc
G03195HW,unassigned,12,Gal,b,D,p,x,x,Galp
G03984TW,unassigned,15,Gal,b,D,p,x,x,Galp
G03984TW,unassigned,16,NeuNAc,a,D,p,15,3,NeupNAc
G03984TW,unassigned,18,Fuc,a,L,p,x,x,Fucp
G04595ZA,unassigned,13,GlcNAc,b,D,p,x,x,GlcpNAc
G04595ZA,unassigned,15,Gal,b,D,p,x,x,Galp
G04689DA,unassigned,11,Man,a,D,p,x,x,Manp
G04689DA,unassigned,10,Man,a,D,p,x,x,Manp
G04959WS,unassigned,11,Gal,x,D,p,10,x,Galp
G04959WS,unassigned,22,Fuc,x,L,p,NA,6,Fucp
G04959WS,unassigned,23,GlcNAc,x,D,p,x,x,GlcpNAc
G04959WS,unassigned,13,GlcNAc,x,D,p,NC,4,GlcpNAc
G04959WS,unassigned,24,Gal,x,D,p,23,x,Galp
G04959WS,unassigned,26,GlcNAc,x,D,p,x,x,GlcpNAc
G04959WS,unassigned,16,GlcNAc,x,D,p,N4,x,GlcpNAc
G04959WS,unassigned,27,Gal,x,D,p,26,x,Galp
G04959WS,unassigned,17,Gal,x,D,p,16,x,Galp
G04959WS,unassigned,29,GlcNAc,x,D,p,x,x,GlcpNAc
G04959WS,unassigned,19,GlcNAc,x,D,p,N4,x,GlcpNAc
G04959WS,unassigned,7,GlcNAc,x,D,p,N1,x,GlcpNAc
G04959WS,unassigned,8,Gal,x,D,p,7,x,Galp
G04959WS,unassigned,30,Gal,x,D,p,29,x,Galp
G04959WS,unassigned,20,Gal,x,D,p,19,x,Galp
G04959WS,unassigned,10,GlcNAc,x,D,p,N1,x,GlcpNAc
G04959WS,unassigned,32,Fuc,x,L,p,x,x,Fucp
G05395FV,unassigned,11,Fuc,a,L,p,9,3,Fucp
G05395FV,unassigned,22,NeuNAc,x,D,p,21,x,NeupNAc
G05395FV,unassigned,12,Gal,b,D,p,9,4,Galp
G05395FV,unassigned,13,NeuNAc,x,D,p,12,x,NeupNAc
G05395FV,unassigned,15,GlcNAc,x,D,p,x,x,GlcpNAc
G05395FV,unassigned,16,Gal,x,D,p,15,x,Galp
G05395FV,unassigned,17,NeuNAc,x,D,p,16,x,NeupNAc
G05395FV,unassigned,9,GlcNAc,x,D,p,x,x,GlcpNAc
G05395FV,unassigned,20,GlcNAc,x,D,p,x,x,GlcpNAc
G05395FV,unassigned,21,Gal,x,D,p,20,x,Galp
G05850WN,unassigned,13,GlcNAc,x,D,p,N4,x,GlcpNAc
G05850WN,unassigned,14,Gal,x,D,p,13,x,Galp
G05850WN,unassigned,17,NeuNAc,x,D,p,x,x,NeupNAc
G05850WN,unassigned,7,GlcNAc,x,D,p,N1,x,GlcpNAc
G05850WN,unassigned,8,Gal,x,D,p,7,x,Galp
G05953WP,unassigned,12,Gal,b,D,p,10,4,Galp
G05953WP,unassigned,13,Man,a,D,p,NC,3|6,Manp
G05953WP,unassigned,14,GlcNAc,b,D,p,13,2,GlcpNAc
G05953WP,unassigned,16,Gal,b,D,p,14,4,Galp
G05953WP,unassigned,6,Man,a,D,p,NC,3|6,Manp
G05953WP,unassigned,17,NeuNAc,a,D,p,x,x,NeupNAc
G05953WP,unassigned,7,GlcNAc,b,D,p,6,2,GlcpNAc
G05953WP,unassigned,9,Gal,b,D,p,7,4,Galp
G05953WP,unassigned,10,GlcNAc,b,D,p,6,4,GlcpNAc
G06215XQ,unassigned,12,GlcNAc,x,D,p,N1,x,GlcpNAc
G06215XQ,unassigned,13,Gal,x,D,p,12,x,Galp
G06215XQ,unassigned,16,GlcNAc,x,D,p,N4,x,GlcpNAc
G06215XQ,unassigned,17,Gal,x,D,p,16,x,Galp
G06215XQ,unassigned,18,NeuNAc,x,D,p,17,x,NeupNAc
G06215XQ,unassigned,7,GlcNAc,x,D,p,N1,x,GlcpNAc
G06215XQ,unassigned,8,Gal,x,D,p,7,x,Galp
G06215XQ,unassigned,9,NeuNAc,x,D,p,8,x,NeupNAc
G06215XQ,unassigned,21,Fuc,x,L,p,x,x,Fucp
G06601SQ,unassigned,13,Gal,b,D,p,x,x,Galp
G06601SQ,unassigned,14,NeuNAc,a,D,p,13,6,NeupNAc
G06707ZH,unassigned,15,NeuNAc,a,D,p,x,x,NeupNAc
G08011QI,unassigned,9,Man,x,D,p,x,x,Manp
G08378WD,unassigned,21,NeuNAc,a,D,p,x,x,NeupNAc
G08577PR,unassigned,16,Gal,b,D,p,x,x,Galp
G08712ES,unassigned,11,Man,a,D,p,NC,3|6,Manp
G08712ES,unassigned,12,GlcNAc,x,D,p,11,x,GlcpNAc
G08712ES,unassigned,15,GlcNAc,x,D,p,x,x,GlcpNAc
G08712ES,unassigned,6,Man,a,D,p,NC,3|6,Manp
G08712ES,unassigned,7,GlcNAc,x,D,p,6,x,GlcpNAc
G08712ES,unassigned,8,Gal,x,D,p,7,x,Galp
G08712ES,unassigned,9,Fuc,x,L,p,7,x,Fucp
G10601XM,unassigned,11,Man,x,D,p,x,x,Manp
G10601XM,unassigned,12,Man,x,D,p,x,x,Manp
G10601XM,unassigned,8,Man,x,D,p,x,x,Manp
G10601XM,unassigned,9,Man,x,D,p,x,x,Manp
G10601XM,unassigned,10,Man,x,D,p,x,x,Manp
G10898KH,unassigned,11,GlcNAc,x,D,p,10,x,GlcpNAc
G10898KH,unassigned,16,Fuc,x,L,p,x,x,Fucp
G10898KH,unassigned,6,Man,a,D,p,NC,3|6,Manp
G10898KH,unassigned,7,GlcNAc,x,D,p,6,x,GlcpNAc
G10898KH,unassigned,8,Gal,x,D,p,7,x,Galp
G10898KH,unassigned,10,Man,a,D,p,NC,3|6,Manp
G11254FL,unassigned,12,Gal,b,D,p,x,x,Galp
G11254FL,unassigned,7,GlcNAc,b,D,p,N1,x,GlcpNAc
G11450PA,unassigned,12,Gal,b,D,p,10,4,Galp
G11450PA,unassigned,13,Man,a,D,p,NC,3|6,Manp
G11450PA,unassigned,14,GlcNAc,b,D,p,13,2,GlcpNAc
G11450PA,unassigned,16,Gal,b,D,p,14,4,Galp
G11450PA,unassigned,17,GlcNAc,b,D,p,13,6,GlcpNAc
G11450PA,unassigned,19,Gal,b,D,p,17,4,Galp
G11450PA,unassigned,6,Man,a,D,p,NC,3|6,Manp
G11450PA,unassigned,7,GlcNAc,b,D,p,6,2,GlcpNAc
G11450PA,unassigned,9,Gal,b,D,p,7,4,Galp
G11450PA,unassigned,20,NeuNAc,a,D,p,x,x,NeupNAc
G11450PA,unassigned,10,GlcNAc,b,D,p,6,4,GlcpNAc
G11528MV,unassigned,11,Gal,x,D,p,10,x,Galp
G11528MV,unassigned,22,Fuc,x,L,p,NA,6,Fucp
G11528MV,unassigned,33,Gal,x,D,p,32,x,Galp
G11528MV,unassigned,23,GlcNAc,x,D,p,x,x,GlcpNAc
G11528MV,unassigned,13,GlcNAc,x,D,p,NC,4,GlcpNAc
G11528MV,unassigned,24,Gal,x,D,p,23,x,Galp
G11528MV,unassigned,35,Fuc,x,L,p,x,x,Fucp
G11528MV,unassigned,26,GlcNAc,x,D,p,x,x,GlcpNAc
G11528MV,unassigned,16,GlcNAc,x,D,p,N4,x,GlcpNAc
G11528MV,unassigned,27,Gal,x,D,p,26,x,Galp
G11528MV,unassigned,17,Gal,x,D,p,16,x,Galp
G11528MV,unassigned,29,GlcNAc,x,D,p,x,x,GlcpNAc
G11528MV,unassigned,19,GlcNAc,x,D,p,N4,x,GlcpNAc
G11528MV,unassigned,7,GlcNAc,x,D,p,N1,x,GlcpNAc
G11528MV,unassigned,8,Gal,x,D,p,7,x,Galp
G11528MV,unassigned,30,Gal,x,D,p,29,x,Galp
G11528MV,unassigned,20,Gal,x,D,p,19,x,Galp
G11528MV,unassigned,10,GlcNAc,x,D,p,N1,x,GlcpNAc
G11528MV,unassigned,32,GlcNAc,x,D,p,x,x,GlcpNAc
G11948QD,unassigned,17,NeuNAc,a,D,p,x,x,NeupNAc
G12604EW,unassigned,12,GlcNAc,x,D,p,x,x,GlcpNAc
G12604EW,unassigned,13,Gal,x,D,p,12,x,Galp
G12604EW,unassigned,15,GlcNAc,x,D,p,x,x,GlcpNAc
G12604EW,unassigned,9,GlcNAc,x,D,p,x,x,GlcpNAc
G12604EW,unassigned,10,Gal,x,D,p,9,x,Galp
G12708JQ,unassigned,11,GlcNAc,x,D,p,N4,x,GlcpNAc
G12708JQ,unassigned,12,Gal,x,D,p,11,x,Galp
G12708JQ,unassigned,15,NeuNAc,a,D,p,x,x,NeupNAc
G12708JQ,unassigned,7,GlcNAc,x,D,p,N1,x,GlcpNAc
G12708JQ,unassigned,8,Gal,x,D,p,7,x,Galp
G13661YX,unassigned,11,Gal,x,D,p,10,x,Galp
G13661YX,unassigned,13,Man,a,D,p,NC,3|6,Manp
G13661YX,unassigned,14,GlcNAc,x,D,p,13,x,GlcpNAc
G13661YX,unassigned,15,Gal,x,D,p,14,x,Galp
G13661YX,unassigned,17,NeuNAc,x,D,p,x,x,NeupNAc
G13661YX,unassigned,19,NeuNAc,x,D,p,x,x,NeupNAc
G13661YX,unassigned,6,Man,a,D,p,NC,3|6,Manp
G13661YX,unassigned,7,GlcNAc,x,D,p,6,x,GlcpNAc
G13661YX,unassigned,8,Gal,x,D,p,7,x,Galp
G13661YX,unassigned,10,GlcNAc,x,D,p,6,x,GlcpNAc
G13849JB,unassigned,16,NeuNAc,a,D,p,x,x,NeupNAc
G13991MC,unassigned,12,Fuc,a,L,p,10,3,Fucp
G13991MC,unassigned,13,Gal,b,D,p,10,4,Galp
G13991MC,unassigned,14,Man,a,D,p,NC,3|6,Manp
G13991MC,unassigned,15,GlcNAc,b,D,p,14,2,GlcpNAc
G13991MC,unassigned,17,Gal,b,D,p,15,4,Galp
G13991MC,unassigned,19,NeuNAc,a,D,p,x,x,NeupNAc
G13991MC,unassigned,6,Man,a,D,p,NC,3|6,Manp
G13991MC,unassigned,7,GlcNAc,b,D,p,6,2,GlcpNAc
G13991MC,unassigned,9,Gal,b,D,p,7,4,Galp
G13991MC,unassigned,10,GlcNAc,b,D,p,6,4,GlcpNAc
G14176QY,unassigned,11,NeuNAc,a,D,p,10,6,NeupNAc
G14176QY,unassigned,14,GlcNAc,x,D,p,x,x,GlcpNAc
G14176QY,unassigned,16,HexNAc,x,x,p,x,x,HexpNAc
G14176QY,unassigned,9,GlcNAc,x,D,p,x,x,GlcpNAc
G14176QY,unassigned,10,Gal,x,D,p,9,x,Galp
G14199EY,unassigned,11,Gal,x,D,p,10,x,Galp
G14199EY,unassigned,22,Fuc,x,L,p,NA,6,Fucp
G14199EY,unassigned,23,GlcNAc,x,D,p,x,x,GlcpNAc
G14199EY,unassigned,13,GlcNAc,x,D,p,NC,4,GlcpNAc
G14199EY,unassigned,24,Gal,x,D,p,23,x,Galp
G14199EY,unassigned,26,Fuc,x,L,p,x,x,Fucp
G14199EY,unassigned,16,GlcNAc,x,D,p,N4,x,GlcpNAc
G14199EY,unassigned,17,Gal,x,D,p,16,x,Galp
G14199EY,unassigned,19,GlcNAc,x,D,p,N4,x,GlcpNAc
G14199EY,unassigned,7,GlcNAc,x,D,p,N1,x,GlcpNAc
G14199EY,unassigned,8,Gal,x,D,p,7,x,Galp
G14199EY,unassigned,20,Gal,x,D,p,19,x,Galp
G14199EY,unassigned,10,GlcNAc,x,D,p,N1,x,GlcpNAc
G14244NF,unassigned,12,Gal,b,D,p,10,4,Galp
G14244NF,unassigned,13,Man,a,D,p,NC,3|6,Manp
G14244NF,unassigned,14,GlcNAc,b,D,p,13,2,GlcpNAc
G14244NF,unassigned,16,Gal,b,D,p,14,4,Galp
G14244NF,unassigned,17,GlcNAc,b,D,p,13,6,GlcpNAc
G14244NF,unassigned,19,Gal,b,D,p,17,4,Galp
G14244NF,unassigned,6,Man,a,D,p,NC,3|6,Manp
G14244NF,unassigned,7,GlcNAc,b,D,p,6,2,GlcpNAc
G14244NF,unassigned,9,Gal,b,D,p,7,4,Galp
G14244NF,unassigned,10,GlcNAc,b,D,p,6,4,GlcpNAc
G14244NF,unassigned,21,NeuNAc,a,D,p,x,x,NeupNAc
G14389GM,unassigned,23,NeuNAc,a,D,p,x,x,NeupNAc
G14389GM,unassigned,25,NeuNAc,a,D,p,x,x,NeupNAc
G14389GM,unassigned,21,NeuNAc,a,D,p,x,x,NeupNAc
G14548ZL,unassigned,12,Man,a,D,p,x,x,Manp
G14882EB,unassigned,15,GlcNAc,b,D,p,x,x,GlcpNAc
G14882EB,unassigned,17,Gal,b,D,p,15,4,Galp
G14882EB,unassigned,18,GlcNAc,b,D,p,x,x,GlcpNAc
G14882EB,unassigned,20,Gal,b,D,p,18,4,Galp
G15365AE,unassigned,12,Gal,b,D,p,10,4,Galp
G15365AE,unassigned,13,Man,a,D,p,NC,3|6,Manp
G15365AE,unassigned,14,GlcNAc,b,D,p,13,2,GlcpNAc
G15365AE,unassigned,16,Gal,b,D,p,14,4,Galp
G15365AE,unassigned,18,NeuNAc,a,D,p,x,x,NeupNAc
G15365AE,unassigned,6,Man,a,D,p,NC,3|6,Manp
G15365AE,unassigned,7,GlcNAc,b,D,p,6,2,GlcpNAc
G15365AE,unassigned,9,Gal,b,D,p,7,4,Galp
G15365AE,unassigned,10,GlcNAc,b,D,p,6,6,GlcpNAc
G15791TK,unassigned,11,Fuc,a,L,p,9,3,Fucp
G15791TK,unassigned,12,Gal,b,D,p,9,4,Galp
G15791TK,unassigned,13,GlcNAc,x,D,p,x,x,GlcpNAc
G15791TK,unassigned,14,Gal,x,D,p,13,x,Galp
G15791TK,unassigned,9,GlcNAc,x,D,p,x,x,GlcpNAc
G15956KF,unassigned,10,Man,a,D,p,x,x,Manp
G16758MX,unassigned,11,Gal,x,D,p,10,x,Galp
G16758MX,unassigned,13,Man,a,D,p,NC,3|6,Manp
G16758MX,unassigned,14,GlcNAc,x,D,p,13,x,GlcpNAc
G16758MX,unassigned,15,Gal,x,D,p,14,x,Galp
G16758MX,unassigned,6,Man,a,D,p,NC,3|6,Manp
G16758MX,unassigned,17,NeuNAc,x,D,p,x,x,NeupNAc
G16758MX,unassigned,7,GlcNAc,x,D,p,6,x,GlcpNAc
G16758MX,unassigned,8,Gal,x,D,p,7,x,Galp
G16758MX,unassigned,10,GlcNAc,x,D,p,6,x,GlcpNAc
G16808DC,unassigned,15,NeuNAc,a,D,p,x,x,NeupNAc
G17205DU,unassigned,2,Fuc,a,L,p,NA,x,Fucp
G17205DU,unassigned,13,Gal,b,D,p,N5,x,Galp
G17205DU,unassigned,15,HexNAc,x,x,p,x,x,HexpNAc
G17205DU,unassigned,9,Gal,b,D,p,N2,x,Galp
G18013WR,unassigned,11,Gal,x,D,p,10,x,Galp
G18013WR,unassigned,22,NeuNAc,x,D,p,x,x,NeupNAc
G18013WR,unassigned,24,NeuNAc,x,D,p,x,x,NeupNAc
G18013WR,unassigned,14,GlcNAc,x,D,p,N4,x,GlcpNAc
G18013WR,unassigned,15,Gal,x,D,p,14,x,Galp
G18013WR,unassigned,26,Fuc,x,L,p,x,x,Fucp
G18013WR,unassigned,17,GlcNAc,x,D,p,N4,x,GlcpNAc
G18013WR,unassigned,18,Gal,x,D,p,17,x,Galp
G18013WR,unassigned,7,GlcNAc,x,D,p,N1,x,GlcpNAc
G18013WR,unassigned,8,Gal,x,D,p,7,x,Galp
G18013WR,unassigned,20,NeuNAc,x,D,p,x,x,NeupNAc
G18013WR,unassigned,10,GlcNAc,x,D,p,N1,x,GlcpNAc
G18211PK,unassigned,19,NeuNAc,a,D,p,x,x,NeupNAc
G18960KY,unassigned,17,Fuc,a,L,p,x,x,Fucp
G19099PA,unassigned,11,GlcNAc,x,D,p,x,x,GlcpNAc
G19099PA,unassigned,12,Gal,x,D,p,11,x,Galp
G19099PA,unassigned,13,NeuNAc,x,D,p,12,x,NeupNAc
G19099PA,unassigned,16,GlcNAc,x,D,p,x,x,GlcpNAc
G19099PA,unassigned,18,GlcNAc,x,D,p,x,x,GlcpNAc
G21001NA,unassigned,8,Man,x,D,p,x,x,Manp
G21001NA,unassigned,9,Man,x,D,p,x,x,Manp
G21001NA,unassigned,10,Man,x,D,p,x,x,Manp
G21218WO,unassigned,15,Gal,b,D,p,x,x,Galp
G21327TO,unassigned,11,Gal,x,D,p,10,x,Galp
G21327TO,unassigned,13,Man,a,D,p,NC,3|6,Manp
G21327TO,unassigned,14,GlcNAc,x,D,p,13,x,GlcpNAc
G21327TO,unassigned,6,Man,a,D,p,NC,3|6,Manp
G21327TO,unassigned,17,NeuNAc,x,D,p,x,x,NeupNAc
G21327TO,unassigned,7,GlcNAc,x,D,p,6,x,GlcpNAc
G21327TO,unassigned,8,Gal,x,D,p,7,x,Galp
G21327TO,unassigned,10,GlcNAc,x,D,p,6,x,GlcpNAc
G21986MJ,unassigned,18,NeuNAc,a,D,p,x,x,NeupNAc
G22137OG,unassigned,11,GlcNAc,x,D,p,x,x,GlcpNAc
G22137OG,unassigned,12,Gal,x,D,p,11,x,Galp
G22137OG,unassigned,14,GlcNAc,x,D,p,x,x,GlcpNAc
G22137OG,unassigned,15,Gal,x,D,p,14,x,Galp
G22137OG,unassigned,17,GlcNAc,x,D,p,x,x,GlcpNAc
G22511DQ,unassigned,18,Gal,b,D,p,x,x,Galp
G22674CI,unassigned,15,NeuNAc,x,D,p,x,x,NeupNAc
G22721QX,unassigned,11,Gal,x,D,p,10,x,Galp
G22721QX,unassigned,22,Fuc,x,L,p,NA,6,Fucp
G22721QX,unassigned,23,GlcNAc,x,D,p,x,x,GlcpNAc
G22721QX,unassigned,13,GlcNAc,x,D,p,NC,4,GlcpNAc
G22721QX,unassigned,24,Gal,x,D,p,23,x,Galp
G22721QX,unassigned,26,GlcNAc,x,D,p,x,x,GlcpNAc
G22721QX,unassigned,16,GlcNAc,x,D,p,N4,x,GlcpNAc
G22721QX,unassigned,27,Gal,x,D,p,26,x,Galp
G22721QX,unassigned,17,Gal,x,D,p,16,x,Galp
G22721QX,unassigned,29,GlcNAc,x,D,p,x,x,GlcpNAc
G22721QX,unassigned,19,GlcNAc,x,D,p,N4,x,GlcpNAc
G22721QX,unassigned,7,GlcNAc,x,D,p,N1,x,GlcpNAc
G22721QX,unassigned,8,Gal,x,D,p,7,x,Galp
G22721QX,unassigned,30,Gal,x,D,p,29,x,Galp
G22721QX,unassigned,20,Gal,x,D,p,19,x,Galp
G22721QX,unassigned,10,GlcNAc,x,D,p,N1,x,GlcpNAc
G22859OA,unassigned,16,Gal,b,D,p,x,x,Galp
G23437PF,unassigned,11,GlcNAc,b,D,p,N4,3,GlcpNAc
G23437PF,unassigned,13,Gal,b,D,p,11,4,Galp
G23437PF,unassigned,17,NeuNAc,a,D,p,x,x,NeupNAc
G23695IQ,unassigned,12,GlcNAc,x,D,p,N1,x,GlcpNAc
G23695IQ,unassigned,23,Fuc,x,L,p,x,x,Fucp
G23695IQ,unassigned,13,Gal,x,D,p,12,x,Galp
G23695IQ,unassigned,24,Fuc,x,L,p,x,x,Fucp
G23695IQ,unassigned,14,NeuNAc,x,D,p,13,x,NeupNAc
G23695IQ,unassigned,18,GlcNAc,x,D,p,N4,x,GlcpNAc
G23695IQ,unassigned,19,Gal,x,D,p,18,x,Galp
G23695IQ,unassigned,7,GlcNAc,x,D,p,N1,x,GlcpNAc
G23695IQ,unassigned,8,Gal,x,D,p,7,x,Galp
G23695IQ,unassigned,9,NeuNAc,x,D,p,8,x,NeupNAc
G23695IQ,unassigned,20,NeuNAc,x,D,p,19,x,NeupNAc
G24131KD,unassigned,11,Gal,x,D,p,10,x,Galp
G24131KD,unassigned,13,Man,a,D,p,NC,3|6,Manp
G24131KD,unassigned,14,GlcNAc,x,D,p,13,x,GlcpNAc
G24131KD,unassigned,15,Gal,x,D,p,14,x,Galp
G24131KD,unassigned,19,NeuNAc,x,D,p,x,x,NeupNAc
G24131KD,unassigned,6,Man,a,D,p,NC,3|6,Manp
G24131KD,unassigned,7,GlcNAc,x,D,p,6,x,GlcpNAc
G24131KD,unassigned,8,Gal,x,D,p,7,x,Galp
G24131KD,unassigned,10,GlcNAc,x,D,p,6,x,GlcpNAc
G24131KD,unassigned,21,NeuNAc,x,D,p,x,x,NeupNAc
G24132CP,unassigned,11,Fuc,a,L,p,9,3,Fucp
G24132CP,unassigned,12,Gal,b,D,p,9,4,Galp
G24132CP,unassigned,13,GlcNAc,x,D,p,x,x,GlcpNAc
G24132CP,unassigned,15,Fuc,a,L,p,13,3,Fucp
G24132CP,unassigned,16,Gal,b,D,p,13,4,Galp
G24132CP,unassigned,17,GlcNAc,x,D,p,x,x,GlcpNAc
G24132CP,unassigned,18,Gal,x,D,p,17,x,Galp
G24132CP,unassigned,9,GlcNAc,x,D,p,x,x,GlcpNAc
G24202BK,unassigned,11,GlcNAc,b,D,p,10,2,GlcpNAc
G24202BK,unassigned,2,Fuc,x,L,p,NA,x,Fucp
G24202BK,unassigned,13,GlcNAc,b,D,p,10,6,GlcpNAc
G24202BK,unassigned,15,Gal,b,D,p,x,x,Galp
G24202BK,unassigned,16,Gal,b,D,p,x,x,Galp
G24202BK,unassigned,17,NeuNAc,a,D,p,x,x,NeupNAc
G24202BK,unassigned,7,Man,a,D,p,NC,x,Manp
G24202BK,unassigned,8,GlcNAc,b,D,p,7,2,GlcpNAc
G24202BK,unassigned,10,Man,a,D,p,NC,x,Manp
G24501HF,unassigned,20,NeuNAc,x,D,p,x,x,NeupNAc
G24897QX,unassigned,17,Gal,b,D,p,x,x,Galp
G25180HQ,unassigned,11,GlcNAc,x,D,p,x,x,GlcpNAc
G25180HQ,unassigned,22,GlcNAc,x,D,p,x,x,GlcpNAc
G25180HQ,unassigned,13,Fuc,a,L,p,11,3,Fucp
G25180HQ,unassigned,14,Gal,b,D,p,11,4,Galp
G25180HQ,unassigned,15,NeuNAc,x,D,p,14,x,NeupNAc
G25180HQ,unassigned,17,GlcNAc,x,D,p,x,x,GlcpNAc
G25180HQ,unassigned,18,Gal,x,D,p,17,x,Galp
G25180HQ,unassigned,19,NeuNAc,x,D,p,18,x,NeupNAc
G25386IJ,unassigned,8,Man,x,D,p,x,x,Manp
G25386IJ,unassigned,9,Man,x,D,p,x,x,Manp
G25386IJ,unassigned,10,Man,x,D,p,x,x,Manp
G25495RY,unassigned,11,Fuc,a,L,p,9,3,Fucp
G25495RY,unassigned,12,Gal,b,D,p,9,4,Galp
G25495RY,unassigned,13,GlcNAc,x,D,p,x,x,GlcpNAc
G25495RY,unassigned,9,GlcNAc,x,D,p,x,x,GlcpNAc
G25713RA,unassigned,11,Man,a,D,p,NC,x,Manp
G25713RA,unassigned,12,GlcNAc,b,D,p,11,2,GlcpNAc
G25713RA,unassigned,14,Gal,b,D,p,12,4,Galp
G25713RA,unassigned,15,GlcNAc,b,D,p,11,6,GlcpNAc
G25713RA,unassigned,17,Gal,b,D,p,15,4,Galp
G25713RA,unassigned,18,NeuNAc,a,D,p,x,x,NeupNAc
G25713RA,unassigned,2,Fuc,x,L,p,NA,x,Fucp
G25713RA,unassigned,7,Man,a,D,p,NC,x,Manp
G25713RA,unassigned,8,GlcNAc,b,D,p,7,2,GlcpNAc
G25713RA,unassigned,20,NeuNAc,a,D,p,x,x,NeupNAc
G25713RA,unassigned,10,Gal,b,D,p,8,4,Galp
G26014MK,unassigned,11,GlcNAc,x,D,p,x,x,GlcpNAc
G26014MK,unassigned,12,Gal,x,D,p,11,x,Galp
G26014MK,unassigned,13,NeuNAc,x,D,p,12,x,NeupNAc
G26014MK,unassigned,16,GlcNAc,x,D,p,x,x,GlcpNAc
G26014MK,unassigned,17,Gal,x,D,p,16,x,Galp
G26014MK,unassigned,18,NeuNAc,x,D,p,17,x,NeupNAc
G26014MK,unassigned,21,GlcNAc,x,D,p,x,x,GlcpNAc
G26076FX,unassigned,23,NeuNAc,a,D,p,x,x,NeupNAc
G26076FX,unassigned,18,NeuNAcNAc,a,D,p,x,x,NeupNAcNAc
G26076FX,unassigned,21,NeuNAc,a,D,p,x,x,NeupNAc
G26164VG,unassigned,14,NeuNAc,a,D,p,x,x,NeupNAc
G26267FS,unassigned,11,Gal,x,D,p,10,x,Galp
G26267FS,unassigned,14,GlcNAc,x,D,p,N4,x,GlcpNAc
G26267FS,unassigned,15,Gal,x,D,p,14,x,Galp
G26267FS,unassigned,17,GlcNAc,x,D,p,N4,x,GlcpNAc
G26267FS,unassigned,18,Gal,x,D,p,17,x,Galp
G26267FS,unassigned,7,GlcNAc,x,D,p,N1,x,GlcpNAc
G26267FS,unassigned,8,Gal,x,D,p,7,x,Galp
G26267FS,unassigned,20,Fuc,x,L,p,x,x,Fucp
G26267FS,unassigned,10,GlcNAc,x,D,p,N1,x,GlcpNAc
G26335RK,unassigned,11,Man,x,D,p,x,x,Manp
G26335RK,unassigned,12,Man,x,D,p,x,x,Manp
G26335RK,unassigned,8,Man,x,D,p,x,x,Manp
G26335RK,unassigned,9,Man,x,D,p,x,x,Manp
G26335RK,unassigned,10,Man,x,D,p,x,x,Manp
G26371XR,unassigned,11,GlcNAc,x,D,p,x,x,GlcpNAc
G26371XR,unassigned,13,Fuc,a,L,p,11,3,Fucp
G26371XR,unassigned,14,Gal,b,D,p,11,4,Galp
G26371XR,unassigned,15,GlcNAc,x,D,p,x,x,GlcpNAc
G26371XR,unassigned,17,GlcNAc,x,D,p,x,x,GlcpNAc
G26777RD,unassigned,11,Gal,x,D,p,10,x,Galp
G26777RD,unassigned,22,Fuc,x,L,p,NA,6,Fucp
G26777RD,unassigned,33,Gal,x,D,p,32,x,Galp
G26777RD,unassigned,23,GlcNAc,x,D,p,x,x,GlcpNAc
G26777RD,unassigned,13,GlcNAc,x,D,p,NC,4,GlcpNAc
G26777RD,unassigned,24,Gal,x,D,p,23,x,Galp
G26777RD,unassigned,26,GlcNAc,x,D,p,x,x,GlcpNAc
G26777RD,unassigned,16,GlcNAc,x,D,p,N4,x,GlcpNAc
G26777RD,unassigned,27,Gal,x,D,p,26,x,Galp
G26777RD,unassigned,17,Gal,x,D,p,16,x,Galp
G26777RD,unassigned,29,GlcNAc,x,D,p,x,x,GlcpNAc
G26777RD,unassigned,19,GlcNAc,x,D,p,N4,x,GlcpNAc
G26777RD,unassigned,7,GlcNAc,x,D,p,N1,x,GlcpNAc
G26777RD,unassigned,8,Gal,x,D,p,7,x,Galp
G26777RD,unassigned,30,Gal,x,D,p,29,x,Galp
G26777RD,unassigned,20,Gal,x,D,p,19,x,Galp
G26777RD,unassigned,10,GlcNAc,x,D,p,N1,x,GlcpNAc
G26777RD,unassigned,32,GlcNAc,x,D,p,x,x,GlcpNAc
G26896YH,unassigned,11,GlcNAc,x,D,p,x,x,GlcpNAc
G26896YH,unassigned,13,Fuc,a,L,p,11,3,Fucp
G26896YH,unassigned,14,Gal,b,D,p,11,4,Galp
G26896YH,unassigned,15,GlcNAc,x,D,p,x,x,GlcpNAc
G26896YH,unassigned,16,Gal,x,D,p,15,x,Galp
G26896YH,unassigned,18,GlcNAc,x,D,p,x,x,GlcpNAc
G26896YH,unassigned,19,Gal,x,D,p,18,x,Galp
G27290LL,unassigned,11,GlcNAc,x,D,p,10,x,GlcpNAc
G27290LL,unassigned,12,Gal,x,D,p,11,x,Galp
G27290LL,unassigned,14,GlcNAc,x,D,p,10,x,GlcpNAc
G27290LL,unassigned,15,Gal,x,D,p,14,x,Galp
G27290LL,unassigned,17,GlcNAc,x,D,p,NC,4,GlcpNAc
G27290LL,unassigned,19,Fuc,x,L,p,NA,6,Fucp
G27290LL,unassigned,6,Man,a,D,p,NC,x,Manp
G27290LL,unassigned,7,GlcNAc,x,D,p,6,x,GlcpNAc
G27290LL,unassigned,8,Gal,x,D,p,7,x,Galp
G27290LL,unassigned,20,GlcNAc,x,D,p,x,x,GlcpNAc
G27290LL,unassigned,10,Man,a,D,p,NC,x,Manp
G27310MQ,unassigned,11,Man,x,D,p,x,x,Manp
G27310MQ,unassigned,12,Man,x,D,p,x,x,Manp
G27310MQ,unassigned,13,Man,x,D,p,x,x,Manp
G27310MQ,unassigned,14,Man,x,D,p,x,x,Manp
G27310MQ,unassigned,8,Man,x,D,p,x,x,Manp
G27310MQ,unassigned,9,Man,x,D,p,x,x,Manp
G27310MQ,unassigned,10,Man,x,D,p,x,x,Manp
G28003YJ,unassigned,11,Gal,x,D,p,10,x,Galp
G28003YJ,unassigned,22,Fuc,x,L,p,x,x,Fucp
G28003YJ,unassigned,14,GlcNAc,x,D,p,N4,x,GlcpNAc
G28003YJ,unassigned,15,Gal,x,D,p,14,x,Galp
G28003YJ,unassigned,17,GlcNAc,x,D,p,N4,x,GlcpNAc
G28003YJ,unassigned,18,Gal,x,D,p,17,x,Galp
G28003YJ,unassigned,7,GlcNAc,x,D,p,N1,x,GlcpNAc
G28003YJ,unassigned,8,Gal,x,D,p,7,x,Galp
G28003YJ,unassigned,20,NeuNAc,x,D,p,x,x,NeupNAc
G28003YJ,unassigned,10,GlcNAc,x,D,p,N1,x,GlcpNAc
G28362DW,unassigned,15,NeuNAc,x,D,p,x,x,NeupNAc
G28387ZC,unassigned,11,Man,a,D,p,10,2,Manp
G28387ZC,unassigned,10,Man,a,D,p,x,x,Manp
G29721UX,unassigned,11,GlcNAc,x,D,p,x,x,GlcpNAc
G29721UX,unassigned,22,GlcNAc,x,D,p,x,x,GlcpNAc
G29721UX,unassigned,23,Gal,x,D,p,22,x,Galp
G29721UX,unassigned,13,Fuc,a,L,p,11,3,Fucp
G29721UX,unassigned,14,Gal,b,D,p,11,4,Galp
G29721UX,unassigned,15,GlcNAc,x,D,p,x,x,GlcpNAc
G29721UX,unassigned,17,Fuc,a,L,p,15,3,Fucp
G29721UX,unassigned,18,Gal,b,D,p,15,4,Galp
G29721UX,unassigned,19,GlcNAc,x,D,p,x,x,GlcpNAc
G29721UX,unassigned,20,Gal,x,D,p,19,x,Galp
G29783JJ,unassigned,20,NeuNAc,a,D,p,x,x,NeupNAc
G30048DT,unassigned,13,GlcNAc,x,D,p,N4,x,GlcpNAc
G30048DT,unassigned,14,Gal,x,D,p,13,x,Galp
G30048DT,unassigned,15,NeuNAc,x,D,p,14,x,NeupNAc
G30048DT,unassigned,7,GlcNAc,x,D,p,N1,x,GlcpNAc
G30048DT,unassigned,18,Fuc,x,L,p,x,x,Fucp
G30048DT,unassigned,8,Gal,x,D,p,7,x,Galp
G30048DT,unassigned,9,NeuNAc,x,D,p,8,x,NeupNAc
G30838QM,unassigned,12,Gal,b,D,p,10,4,Galp
G30838QM,unassigned,13,Man,a,D,p,NC,3|6,Manp
G30838QM,unassigned,14,GlcNAc,b,D,p,13,2,GlcpNAc
G30838QM,unassigned,16,Gal,b,D,p,14,4,Galp
G30838QM,unassigned,6,Man,a,D,p,NC,3|6,Manp
G30838QM,unassigned,17,NeuNAc,a,D,p,x,x,NeupNAc
G30838QM,unassigned,7,GlcNAc,b,D,p,6,2,GlcpNAc
G30838QM,unassigned,9,Gal,b,D,p,7,4,Galp
G30838QM,unassigned,10,GlcNAc,b,D,p,6,6,GlcpNAc
G30939HN,unassigned,11,Man,a,D,p,NC,3|6,Manp
G30939HN,unassigned,12,GlcNAc,x,D,p,11,x,GlcpNAc
G30939HN,unassigned,13,Gal,x,D,p,12,x,Galp
G30939HN,unassigned,16,NeuNAc,x,D,p,x,x,NeupNAc
G30939HN,unassigned,6,Man,a,D,p,NC,3|6,Manp
G30939HN,unassigned,7,GlcNAc,x,D,p,6,x,GlcpNAc
G30939HN,unassigned,18,Fuc,x,L,p,x,x,Fucp
G30939HN,unassigned,8,GalNAc,x,D,p,7,x,GalpNAc
G31118FR,unassigned,11,GlcNAc,x,D,p,N4,x,GlcpNAc
G31118FR,unassigned,12,Gal,x,D,p,11,x,Galp
G31118FR,unassigned,14,Fuc,x,L,p,x,x,Fucp
G31118FR,unassigned,7,GlcNAc,x,D,p,N1,x,GlcpNAc
G31118FR,unassigned,8,Gal,x,D,p,7,x,Galp
G31153XO,unassigned,11,Gal,x,D,p,10,x,Galp
G31153XO,unassigned,22,NeuNAc,x,D,p,x,x,NeupNAc
G31153XO,unassigned,14,GlcNAc,x,D,p,N4,x,GlcpNAc
G31153XO,unassigned,15,Gal,x,D,p,14,x,Galp
G31153XO,unassigned,17,GlcNAc,x,D,p,N4,x,GlcpNAc
G31153XO,unassigned,18,Gal,x,D,p,17,x,Galp
G31153XO,unassigned,7,GlcNAc,x,D,p,N1,x,GlcpNAc
G31153XO,unassigned,8,Gal,x,D,p,7,x,Galp
G31153XO,unassigned,20,NeuNAc,x,D,p,x,x,NeupNAc
G31153XO,unassigned,10,GlcNAc,x,D,p,N1,x,GlcpNAc
G31372JR,unassigned,12,Gal,x,D,p,x,x,Galp
G31372JR,unassigned,13,NeuNAc,x,D,p,12,x,NeupNAc
G31372JR,unassigned,15,Gal,x,D,p,x,x,Galp
G31372JR,unassigned,16,NeuNAc,x,D,p,15,x,NeupNAc
G31372JR,unassigned,7,GlcNAc,x,D,p,N1,x,GlcpNAc
G31372JR,unassigned,18,GlcNAc,x,D,p,x,x,GlcpNAc
G31372JR,unassigned,10,GlcNAc,x,D,p,N4,x,GlcpNAc
G31618AH,unassigned,13,GalNAc,x,D,p,x,x,GalpNAc
G31618AH,unassigned,15,Gal,x,D,p,x,x,Galp
G31618AH,unassigned,7,GlcNAc,x,D,p,N1,x,GlcpNAc
G31618AH,unassigned,10,GlcNAc,x,D,p,N4,x,GlcpNAc
G31838XA,unassigned,13,GlcNAc,x,D,p,N4,x,GlcpNAc
G31838XA,unassigned,14,Gal,x,D,p,13,x,Galp
G31838XA,unassigned,16,Fuc,x,L,p,NA,6,Fucp
G31838XA,unassigned,17,Fuc,x,L,p,x,x,Fucp
G31838XA,unassigned,7,GlcNAc,x,D,p,N1,x,GlcpNAc
G31838XA,unassigned,8,Gal,x,D,p,7,x,Galp
G31838XA,unassigned,10,GlcNAc,x,D,p,NC,4,GlcpNAc
G32246SI,unassigned,11,Gal,x,D,p,10,x,Galp
G32246SI,unassigned,13,Man,a,D,p,NC,3|6,Manp
G32246SI,unassigned,14,GlcNAc,x,D,p,13,x,GlcpNAc
G32246SI,unassigned,15,Gal,x,D,p,14,x,Galp
G32246SI,unassigned,18,NeuNAc,x,D,p,x,x,NeupNAc
G32246SI,unassigned,6,Man,a,D,p,NC,3|6,Manp
G32246SI,unassigned,7,GlcNAc,x,D,p,6,x,GlcpNAc
G32246SI,unassigned,8,Gal,x,D,p,7,x,Galp
G32246SI,unassigned,10,GlcNAc,x,D,p,6,x,GlcpNAc
G32671AN,unassigned,11,Fuc,a,L,p,9,3,Fucp
G32671AN,unassigned,12,Gal,b,D,p,9,4,Galp
G32671AN,unassigned,13,GlcNAc,x,D,p,x,x,GlcpNAc
G32671AN,unassigned,15,Fuc,a,L,p,13,3,Fucp
G32671AN,unassigned,16,Gal,b,D,p,13,4,Galp
G32671AN,unassigned,17,GlcNAc,x,D,p,x,x,GlcpNAc
G32671AN,unassigned,19,Fuc,a,L,p,17,3,Fucp
G32671AN,unassigned,9,GlcNAc,x,D,p,x,x,GlcpNAc
G32671AN,unassigned,20,Gal,b,D,p,17,4,Galp
G32854GF,unassigned,18,NeuNAc,x,D,p,x,x,NeupNAc
G33785ND,unassigned,11,GlcNAc,x,D,p,x,x,GlcpNAc
G33785ND,unassigned,22,GlcNAc,x,D,p,x,x,GlcpNAc
G33785ND,unassigned,13,Fuc,a,L,p,11,3,Fucp
G33785ND,unassigned,14,Gal,b,D,p,11,4,Galp
G33785ND,unassigned,15,GlcNAc,x,D,p,x,x,GlcpNAc
G33785ND,unassigned,17,Fuc,a,L,p,15,3,Fucp
G33785ND,unassigned,18,Gal,b,D,p,15,4,Galp
G33785ND,unassigned,19,GlcNAc,x,D,p,x,x,GlcpNAc
G33785ND,unassigned,20,Gal,x,D,p,19,x,Galp
G34306IB,unassigned,11,Man,a,D,p,NC,3|6,Manp
G34306IB,unassigned,12,GlcNAc,x,D,p,11,x,GlcpNAc
G34306IB,unassigned,13,Gal,x,D,p,12,x,Galp
G34306IB,unassigned,16,NeuNAc,x,D,p,x,x,NeupNAc
G34306IB,unassigned,6,Man,a,D,p,NC,3|6,Manp
G34306IB,unassigned,7,GlcNAc,x,D,p,6,x,GlcpNAc
G34306IB,unassigned,8,GalNAc,x,D,p,7,x,GalpNAc
G35211AB,unassigned,22,Gal,b,D,p,20,4,Galp
G35211AB,unassigned,20,GlcNAc,b,D,p,x,x,GlcpNAc
G35364KM,unassigned,8,Fuc,x,L,p,NA,6,Fucp
G35364KM,unassigned,9,GlcNAc,x,D,p,x,x,GlcpNAc
G35687VS,unassigned,11,GlcNAc,x,D,p,x,x,GlcpNAc
G35687VS,unassigned,13,Fuc,a,L,p,11,3,Fucp
G35687VS,unassigned,14,Gal,b,D,p,11,4,Galp
G35687VS,unassigned,15,GlcNAc,x,D,p,x,x,GlcpNAc
G35687VS,unassigned,16,Gal,x,D,p,15,x,Galp
G36134VO,unassigned,17,Gal,b,D,p,x,x,Galp
G36134VO,unassigned,18,Gal,b,D,p,x,x,Galp
G36134VO,unassigned,19,Gal,b,D,p,x,x,Galp
G36167NI,unassigned,15,Gal,b,D,p,x,x,Galp
G36167NI,unassigned,16,NeuNAc,a,D,p,15,3,NeupNAc
G37588ZB,unassigned,11,NeuNAc,x,D,p,10,x,NeupNAc
G37588ZB,unassigned,22,GlcNAc,x,D,p,x,x,GlcpNAc
G37588ZB,unassigned,23,Gal,x,D,p,22,x,Galp
G37588ZB,unassigned,14,GlcNAc,x,D,p,x,x,GlcpNAc
G37588ZB,unassigned,15,Gal,x,D,p,14,x,Galp
G37588ZB,unassigned,16,NeuNAc,x,D,p,15,x,NeupNAc
G37588ZB,unassigned,19,GlcNAc,x,D,p,x,x,GlcpNAc
G37588ZB,unassigned,9,GlcNAc,x,D,p,x,x,GlcpNAc
G37588ZB,unassigned,20,Gal,x,D,p,19,x,Galp
G37588ZB,unassigned,10,Gal,x,D,p,9,x,Galp
G37868ZX,unassigned,11,GlcNAc,x,D,p,N4,x,GlcpNAc
G37868ZX,unassigned,12,Gal,x,D,p,11,x,Galp
G37868ZX,unassigned,14,NeuNAc,x,D,p,x,x,NeupNAc
G37868ZX,unassigned,7,GlcNAc,x,D,p,N1,x,GlcpNAc
G37868ZX,unassigned,8,Gal,x,D,p,7,x,Galp
G38349VC,unassigned,11,Man,a,D,p,NC,x,Manp
G38349VC,unassigned,12,GlcNAc,b,D,p,11,2,GlcpNAc
G38349VC,unassigned,14,Gal,b,D,p,12,4,Galp
G38349VC,unassigned,16,Fuc,a,L,p,x,x,Fucp
G38349VC,unassigned,6,Man,a,D,p,NC,x,Manp
G38349VC,unassigned,17,NeuNAc,x,D,p,x,x,NeupNAc
G38349VC,unassigned,7,GlcNAc,b,D,p,6,2,GlcpNAc
G38349VC,unassigned,9,GalNAc,b,D,p,7,4,GalpNAc
G38946SH,unassigned,11,NeuNAc,x,D,p,10,x,NeupNAc
G38946SH,unassigned,24,GlcNAc,x,D,p,x,x,GlcpNAc
G38946SH,unassigned,14,GlcNAc,x,D,p,x,x,GlcpNAc
G38946SH,unassigned,25,Gal,x,D,p,24,x,Galp
G38946SH,unassigned,15,Gal,x,D,p,14,x,Galp
G38946SH,unassigned,16,NeuNAc,x,D,p,15,x,NeupNAc
G38946SH,unassigned,19,GlcNAc,x,D,p,x,x,GlcpNAc
G38946SH,unassigned,9,GlcNAc,x,D,p,x,x,GlcpNAc
G38946SH,unassigned,20,Gal,x,D,p,19,x,Galp
G38946SH,unassigned,10,Gal,x,D,p,9,x,Galp
G38946SH,unassigned,21,NeuNAc,x,D,p,20,x,NeupNAc
G39172SO,unassigned,24,NeuNAc,a,D,p,x,x,NeupNAc
G39172SO,unassigned,26,NeuNAc,a,D,p,x,x,NeupNAc
G39172SO,unassigned,28,NeuNAc,a,D,p,x,x,NeupNAc
G39172SO,unassigned,21,NeuNAcNAc,a,D,p,x,x,NeupNAcNAc
G39229GR,unassigned,18,Gal,a,D,p,x,x,Galp
G39841VH,unassigned,11,GlcNAc,b,D,p,10,2,GlcpNAc
G39841VH,unassigned,2,Fuc,x,L,p,NA,x,Fucp
G39841VH,unassigned,13,GlcNAc,b,D,p,10,6,GlcpNAc
G39841VH,unassigned,15,Gal,b,D,p,x,x,Galp
G39841VH,unassigned,16,NeuNAc,a,D,p,15,6,NeupNAc
G39841VH,unassigned,7,Man,a,D,p,NC,x,Manp
G39841VH,unassigned,8,GlcNAc,b,D,p,7,2,GlcpNAc
G39841VH,unassigned,10,Man,a,D,p,NC,x,Manp
G39945EK,unassigned,11,GlcNAc,x,D,p,x,x,GlcpNAc
G39945EK,unassigned,22,GlcNAc,x,D,p,x,x,GlcpNAc
G39945EK,unassigned,13,Fuc,a,L,p,11,3,Fucp
G39945EK,unassigned,24,GlcNAc,x,D,p,x,x,GlcpNAc
G39945EK,unassigned,14,Gal,b,D,p,11,4,Galp
G39945EK,unassigned,15,NeuNAc,x,D,p,14,x,NeupNAc
G39945EK,unassigned,17,GlcNAc,x,D,p,x,x,GlcpNAc
G39945EK,unassigned,18,Gal,x,D,p,17,x,Galp
G39945EK,unassigned,19,NeuNAc,x,D,p,18,x,NeupNAc
G39952PY,unassigned,11,Gal,x,D,p,10,x,Galp
G39952PY,unassigned,22,Fuc,x,L,p,NA,6,Fucp
G39952PY,unassigned,23,GlcNAc,x,D,p,x,x,GlcpNAc
G39952PY,unassigned,13,GlcNAc,x,D,p,NC,4,GlcpNAc
G39952PY,unassigned,24,Gal,x,D,p,23,x,Galp
G39952PY,unassigned,26,GlcNAc,x,D,p,x,x,GlcpNAc
G39952PY,unassigned,16,GlcNAc,x,D,p,N4,x,GlcpNAc
G39952PY,unassigned,27,Gal,x,D,p,26,x,Galp
G39952PY,unassigned,17,Gal,x,D,p,16,x,Galp
G39952PY,unassigned,19,GlcNAc,x,D,p,N4,x,GlcpNAc
G39952PY,unassigned,7,GlcNAc,x,D,p,N1,x,GlcpNAc
G39952PY,unassigned,8,Gal,x,D,p,7,x,Galp
G39952PY,unassigned,20,Gal,x,D,p,19,x,Galp
G39952PY,unassigned,10,GlcNAc,x,D,p,N1,x,GlcpNAc
G40012WS,unassigned,11,GlcNAc,x,D,p,x,x,GlcpNAc
G40012WS,unassigned,13,Fuc,a,L,p,11,3,Fucp
G40012WS,unassigned,14,Gal,b,D,p,11,4,Galp
G40012WS,unassigned,15,NeuNAc,x,D,p,14,x,NeupNAc
G40012WS,unassigned,17,GlcNAc,x,D,p,x,x,GlcpNAc
G40124HY,unassigned,17,Gal,b,D,p,x,x,Galp
G40124HY,unassigned,18,Gal,b,D,p,x,x,Galp
G41405QQ,unassigned,23,Gal,b,D,p,21,4,Galp
G41405QQ,unassigned,24,GlcNAc,b,D,p,x,x,GlcpNAc
G41405QQ,unassigned,15,GlcNAc,b,D,p,x,x,GlcpNAc
G41405QQ,unassigned,26,Gal,b,D,p,24,4,Galp
G41405QQ,unassigned,17,Gal,b,D,p,15,4,Galp
G41405QQ,unassigned,18,GlcNAc,b,D,p,x,x,GlcpNAc
G41405QQ,unassigned,20,Gal,b,D,p,18,4,Galp
G41405QQ,unassigned,21,GlcNAc,b,D,p,x,x,GlcpNAc
G42081JA,unassigned,13,NeuNAc,x,D,p,7,x,NeupNAc
G42081JA,unassigned,16,Man,a,D,p,NC,3|6,Manp
G42081JA,unassigned,17,Man,x,D,p,16,x,Manp
G42081JA,unassigned,19,GlcNAc,x,D,p,x,x,GlcpNAc
G42081JA,unassigned,6,Man,a,D,p,NC,3|6,Manp
G42081JA,unassigned,7,GlcNAc,x,D,p,6,x,GlcpNAc
G42081JA,unassigned,8,Gal,x,D,p,7,x,Galp
G42081JA,unassigned,9,NeuNAc,x,D,p,8,x,NeupNAc
G42081JA,unassigned,10,NeuNAc,x,D,p,9,x,NeupNAc
G42735RP,unassigned,18,NeuNAc,a,D,p,x,x,NeupNAc
G42826YI,unassigned,11,Man,a,D,p,NC,3|6,Manp
G42826YI,unassigned,12,GlcNAc,x,D,p,11,x,GlcpNAc
G42826YI,unassigned,16,Gal,x,D,p,x,x,Galp
G42826YI,unassigned,6,Man,a,D,p,NC,3|6,Manp
G42826YI,unassigned,17,NeuNAc,x,D,p,16,x,NeupNAc
G42826YI,unassigned,7,GlcNAc,x,D,p,6,x,GlcpNAc
G42826YI,unassigned,9,GlcNAc,x,D,p,6,x,GlcpNAc
G42832NT,unassigned,16,Gal,b,D,p,x,x,Galp
G42832NT,unassigned,7,GlcNAc,b,D,p,N1,2|4,GlcpNAc
G42832NT,unassigned,9,Gal,b,D,p,7,4,Galp
G43549OX,unassigned,11,GlcNAc,x,D,p,x,x,GlcpNAc
G43549OX,unassigned,22,GlcNAc,x,D,p,x,x,GlcpNAc
G43549OX,unassigned,23,Gal,x,D,p,22,x,Galp
G43549OX,unassigned,13,Fuc,a,L,p,11,3,Fucp
G43549OX,unassigned,24,NeuNAc,x,D,p,23,x,NeupNAc
G43549OX,unassigned,14,Gal,b,D,p,11,4,Galp
G43549OX,unassigned,15,NeuNAc,x,D,p,14,x,NeupNAc
G43549OX,unassigned,27,GlcNAc,x,D,p,x,x,GlcpNAc
G43549OX,unassigned,17,GlcNAc,x,D,p,x,x,GlcpNAc
G43549OX,unassigned,18,Gal,x,D,p,17,x,Galp
G43549OX,unassigned,19,NeuNAc,x,D,p,18,x,NeupNAc
G43753QH,unassigned,13,Gal,x,D,p,x,x,Galp
G43753QH,unassigned,14,NeuNAc,x,D,p,13,x,NeupNAc
G43753QH,unassigned,16,Gal,x,D,p,x,x,Galp
G43753QH,unassigned,17,NeuNAc,x,D,p,16,x,NeupNAc
G43753QH,unassigned,19,GlcNAc,x,D,p,x,x,GlcpNAc
G43753QH,unassigned,7,GlcNAc,x,D,p,N1,x,GlcpNAc
G43753QH,unassigned,10,GlcNAc,x,D,p,N4,x,GlcpNAc
G43947VZ,unassigned,11,Man,x,D,p,x,x,Manp
G43947VZ,unassigned,8,Man,x,D,p,x,x,Manp
G43947VZ,unassigned,9,Man,x,D,p,x,x,Manp
G43947VZ,unassigned,10,Man,x,D,p,x,x,Manp
G43953LS,unassigned,11,GlcNAc,x,D,p,x,x,GlcpNAc
G43953LS,unassigned,22,GlcNAc,x,D,p,x,x,GlcpNAc
G43953LS,unassigned,23,Gal,x,D,p,22,x,Galp
G43953LS,unassigned,13,Fuc,a,L,p,11,3,Fucp
G43953LS,unassigned,24,NeuNAc,x,D,p,23,x,NeupNAc
G43953LS,unassigned,14,Gal,b,D,p,11,4,Galp
G43953LS,unassigned,15,NeuNAc,x,D,p,14,x,NeupNAc
G43953LS,unassigned,17,GlcNAc,x,D,p,x,x,GlcpNAc
G43953LS,unassigned,18,Gal,x,D,p,17,x,Galp
G43953LS,unassigned,19,NeuNAc,x,D,p,18,x,NeupNAc
G44121LY,unassigned,18,NeuNAc,x,D,p,x,x,NeupNAc
G44369QM,unassigned,11,Man,a,D,p,NC,3|6,Manp
G44369QM,unassigned,12,GlcNAc,x,D,p,11,x,GlcpNAc
G44369QM,unassigned,14,GlcNAc,x,D,p,11,x,GlcpNAc
G44369QM,unassigned,6,Man,a,D,p,NC,3|6,Manp
G44369QM,unassigned,17,Gal,x,D,p,x,x,Galp
G44369QM,unassigned,7,GlcNAc,x,D,p,6,x,GlcpNAc
G44369QM,unassigned,18,NeuNAc,x,D,p,17,x,NeupNAc
G44369QM,unassigned,9,GlcNAc,x,D,p,6,x,GlcpNAc
G44413JJ,unassigned,13,Gal,b,D,p,x,x,Galp
G44576HQ,unassigned,11,Gal,x,D,p,10,x,Galp
G44576HQ,unassigned,14,GlcNAc,x,D,p,N4,x,GlcpNAc
G44576HQ,unassigned,15,Gal,x,D,p,14,x,Galp
G44576HQ,unassigned,17,GlcNAc,x,D,p,N4,x,GlcpNAc
G44576HQ,unassigned,18,Gal,x,D,p,17,x,Galp
G44576HQ,unassigned,7,GlcNAc,x,D,p,N1,x,GlcpNAc
G44576HQ,unassigned,8,Gal,x,D,p,7,x,Galp
G44576HQ,unassigned,20,Fuc,x,L,p,x,x,Fucp
G44576HQ,unassigned,10,GlcNAc,x,D,p,N1,x,GlcpNAc
G44576HQ,unassigned,21,Fuc,x,L,p,x,x,Fucp
G44659VQ,unassigned,11,Man,a,D,p,NC,3|6,Manp
G44659VQ,unassigned,12,GlcNAc,x,D,p,11,x,GlcpNAc
G44659VQ,unassigned,16,Gal,x,D,p,x,x,Galp
G44659VQ,unassigned,17,NeuNAc,x,D,p,16,x,NeupNAc
G44659VQ,unassigned,19,Gal,x,D,p,x,x,Galp
G44659VQ,unassigned,6,Man,a,D,p,NC,3|6,Manp
G44659VQ,unassigned,7,GlcNAc,x,D,p,6,x,GlcpNAc
G44659VQ,unassigned,9,GlcNAc,x,D,p,6,x,GlcpNAc
G44659VQ,unassigned,20,NeuNAc,x,D,p,19,x,NeupNAc
G44905SX,unassigned,12,Gal,b,D,p,x,x,Galp
G44905SX,unassigned,7,GlcNAc,b,D,p,N1,2|4,GlcpNAc
G45045RU,unassigned,11,GlcNAc,x,D,p,x,x,GlcpNAc
G45045RU,unassigned,12,Gal,x,D,p,11,x,Galp
G45045RU,unassigned,14,GlcNAc,x,D,p,x,x,GlcpNAc
G45045RU,unassigned,16,GlcNAc,x,D,p,x,x,GlcpNAc
G45116BB,unassigned,11,Gal,x,D,p,10,x,Galp
G45116BB,unassigned,22,Fuc,x,L,p,NA,6,Fucp
G45116BB,unassigned,23,Fuc,x,L,p,x,x,Fucp
G45116BB,unassigned,13,GlcNAc,x,D,p,NC,4,GlcpNAc
G45116BB,unassigned,16,GlcNAc,x,D,p,N4,x,GlcpNAc
G45116BB,unassigned,17,Gal,x,D,p,16,x,Galp
G45116BB,unassigned,19,GlcNAc,x,D,p,N4,x,GlcpNAc
G45116BB,unassigned,7,GlcNAc,x,D,p,N1,x,GlcpNAc
G45116BB,unassigned,8,Gal,x,D,p,7,x,Galp
G45116BB,unassigned,20,Gal,x,D,p,19,x,Galp
G45116BB,unassigned,10,GlcNAc,x,D,p,N1,x,GlcpNAc
G45238KD,unassigned,12,Gal,b,D,p,x,x,Galp
G45495MK,unassigned,11,GlcNAc,x,D,p,N4,x,GlcpNAc
G45495MK,unassigned,12,Gal,x,D,p,11,x,Galp
G45495MK,unassigned,15,NeuNAc,x,D,p,x,x,NeupNAc
G45495MK,unassigned,7,GlcNAc,x,D,p,N1,x,GlcpNAc
G45495MK,unassigned,8,Gal,x,D,p,7,x,Galp
G45841FE,unassigned,8,Man,x,D,p,x,x,Manp
G45841FE,unassigned,9,Man,x,D,p,x,x,Manp
G46720ZO,unassigned,9,GlcNAc,b,D,p,x,x,GlcpNAc
G46754UW,unassigned,11,GlcNAc,x,D,p,N4,x,GlcpNAc
G46754UW,unassigned,12,Gal,x,D,p,11,x,Galp
G46754UW,unassigned,14,NeuNAc,a,D,p,x,x,NeupNAc
G46754UW,unassigned,7,GlcNAc,x,D,p,N1,x,GlcpNAc
G46754UW,unassigned,8,Gal,x,D,p,7,x,Galp
G46759WS,unassigned,11,NeuNAc,a,D,p,10,3,NeupNAc
G46759WS,unassigned,9,GlcNAc,x,D,p,x,x,GlcpNAc
G46759WS,unassigned,10,Gal,x,D,p,9,x,Galp
G46923KZ,unassigned,15,Fuc,a,L,p,x,x,Fucp
G46923KZ,unassigned,16,Gal,b,D,p,x,x,Galp
G47299BP,unassigned,17,NeuNAc,a,D,p,x,x,NeupNAc
G47909JD,unassigned,8,Man,x,D,p,x,x,Manp
G48409OW,unassigned,13,Gal,b,D,p,x,x,Galp
G48409OW,unassigned,14,NeuNAc,a,D,p,13,3|6,NeupNAc
G48712ZJ,unassigned,11,Man,x,D,p,x,x,Manp
G48712ZJ,unassigned,12,Man,x,D,p,x,x,Manp
G48712ZJ,unassigned,13,Man,x,D,p,x,x,Manp
G48712ZJ,unassigned,8,Man,x,D,p,x,x,Manp
G48712ZJ,unassigned,9,Man,x,D,p,x,x,Manp
G48712ZJ,unassigned,10,Man,x,D,p,x,x,Manp
G48787LE,unassigned,15,Gal,b,D,p,x,x,Galp
G49467LT,unassigned,15,Gal,b,D,p,x,x,Galp
G49991UY,unassigned,11,Man,a,D,p,NC,3|6,Manp
G49991UY,unassigned,12,GlcNAc,x,D,p,11,x,GlcpNAc
G49991UY,unassigned,13,Gal,x,D,p,12,x,Galp
G49991UY,unassigned,15,NeuNAc,a,D,p,x,x,NeupNAc
G49991UY,unassigned,6,Man,a,D,p,NC,3|6,Manp
G49991UY,unassigned,7,GlcNAc,x,D,p,6,x,GlcpNAc
G49991UY,unassigned,8,GalNAc,x,D,p,7,x,GalpNAc
G50707YR,unassigned,8,GlcNAc,x,D,p,x,x,GlcpNAc
G50707YR,unassigned,10,GlcNAc,x,D,p,x,x,GlcpNAc
G50903RY,unassigned,11,GlcNAc,x,D,p,N4,x,GlcpNAc
G50903RY,unassigned,12,Gal,x,D,p,11,x,Galp
G50903RY,unassigned,15,NeuNAc,a,D,p,x,x,NeupNAc
G50903RY,unassigned,7,GlcNAc,x,D,p,N1,x,GlcpNAc
G50903RY,unassigned,8,Gal,x,D,p,7,x,Galp
G51177EP,unassigned,13,Gal,x,D,p,x,x,Galp
G51177EP,unassigned,14,NeuNAc,x,D,p,13,x,NeupNAc
G51177EP,unassigned,16,GlcNAc,x,D,p,x,x,GlcpNAc
G51177EP,unassigned,7,GlcNAc,x,D,p,N1,x,GlcpNAc
G51177EP,unassigned,10,GlcNAc,x,D,p,N4,x,GlcpNAc
G51369CD,unassigned,11,Man,x,D,p,x,x,Manp
G51369CD,unassigned,12,Man,x,D,p,x,x,Manp
G51369CD,unassigned,13,Man,x,D,p,x,x,Manp
G51369CD,unassigned,8,Man,x,D,p,x,x,Manp
G51369CD,unassigned,9,Man,x,D,p,x,x,Manp
G51369CD,unassigned,10,Man,x,D,p,x,x,Manp
G51471ON,unassigned,13,Man,a,D,p,x,x,Manp
G51497BL,unassigned,11,Gal,x,D,p,10,x,Galp
G51497BL,unassigned,22,NeuNAc,x,D,p,x,x,NeupNAc
G51497BL,unassigned,13,Man,a,D,p,NC,3|6,Manp
G51497BL,unassigned,14,GlcNAc,x,D,p,13,x,GlcpNAc
G51497BL,unassigned,15,Gal,x,D,p,14,x,Galp
G51497BL,unassigned,6,Man,a,D,p,NC,3|6,Manp
G51497BL,unassigned,7,GlcNAc,x,D,p,6,x,GlcpNAc
G51497BL,unassigned,8,Gal,x,D,p,7,x,Galp
G51497BL,unassigned,20,NeuNAc,x,D,p,x,x,NeupNAc
G51497BL,unassigned,10,GlcNAc,x,D,p,6,x,GlcpNAc
G51623PN,unassigned,8,Man,x,D,p,x,x,Manp
G51623PN,unassigned,9,Man,x,D,p,x,x,Manp
G51705EB,unassigned,11,Man,a,D,p,NC,x,Manp
G51705EB,unassigned,12,GlcNAc,b,D,p,11,2,GlcpNAc
G51705EB,unassigned,14,Gal,b,D,p,12,4,Galp
G51705EB,unassigned,16,NeuNAc,a,D,p,x,x,NeupNAc
G51705EB,unassigned,6,Man,a,D,p,NC,x,Manp
G51705EB,unassigned,7,GlcNAc,b,D,p,6,2,GlcpNAc
G51705EB,unassigned,9,GalNAc,b,D,p,7,4,GalpNAc
G52003QG,unassigned,11,Fuc,a,L,p,9,3,Fucp
G52003QG,unassigned,12,Gal,b,D,p,9,4,Galp
G52003QG,unassigned,13,GlcNAc,x,D,p,x,x,GlcpNAc
G52003QG,unassigned,14,Gal,x,D,p,13,x,Galp
G52003QG,unassigned,16,GlcNAc,x,D,p,x,x,GlcpNAc
G52003QG,unassigned,17,Gal,x,D,p,16,x,Galp
G52003QG,unassigned,9,GlcNAc,x,D,p,x,x,GlcpNAc
G52126RR,unassigned,17,NeuNAc,a,D,p,x,x,NeupNAc
G52126RR,unassigned,19,NeuNAc,a,D,p,x,x,NeupNAc
G52603AI,unassigned,14,Gal,b,D,p,x,x,Galp
G52776UT,unassigned,17,NeuNAc,a,D,p,x,x,NeupNAc
G52782YT,unassigned,11,GlcNAc,x,D,p,10,x,GlcpNAc
G52782YT,unassigned,12,Gal,x,D,p,11,x,Galp
G52782YT,unassigned,14,GlcNAc,x,D,p,10,x,GlcpNAc
G52782YT,unassigned,15,Gal,x,D,p,14,x,Galp
G52782YT,unassigned,17,Fuc,x,L,p,NA,6,Fucp
G52782YT,unassigned,18,Fuc,x,L,p,x,x,Fucp
G52782YT,unassigned,6,Man,a,D,p,NC,x,Manp
G52782YT,unassigned,7,GlcNAc,x,D,p,6,x,GlcpNAc
G52782YT,unassigned,8,Gal,x,D,p,7,x,Galp
G52782YT,unassigned,10,Man,a,D,p,NC,x,Manp
G53492UE,unassigned,11,GlcNAc,x,D,p,x,x,GlcpNAc
G53492UE,unassigned,8,Fuc,x,L,p,NA,6,Fucp
G53492UE,unassigned,9,GlcNAc,x,D,p,x,x,GlcpNAc
G53604QR,unassigned,23,GlcNAc,x,D,p,x,x,GlcpNAc
G53604QR,unassigned,13,GlcNAc,x,D,p,x,x,GlcpNAc
G53604QR,unassigned,24,Gal,x,D,p,23,x,Galp
G53604QR,unassigned,14,Gal,x,D,p,13,x,Galp
G53604QR,unassigned,15,NeuNAc,x,D,p,14,x,NeupNAc
G53604QR,unassigned,18,GlcNAc,x,D,p,x,x,GlcpNAc
G53604QR,unassigned,19,Gal,x,D,p,18,x,Galp
G53604QR,unassigned,8,GlcNAc,x,D,p,x,x,GlcpNAc
G53604QR,unassigned,9,Gal,x,D,p,8,x,Galp
G53604QR,unassigned,20,NeuNAc,x,D,p,19,x,NeupNAc
G53604QR,unassigned,10,NeuNAc,x,D,p,9,x,NeupNAc
G53725UB,unassigned,10,Man,a,D,p,x,x,Manp
G53965RU,unassigned,11,Man,a,D,p,NC,3|6,Manp
G53965RU,unassigned,12,GlcNAc,x,D,p,11,x,GlcpNAc
G53965RU,unassigned,15,Gal,x,D,p,x,x,Galp
G53965RU,unassigned,16,NeuNAc,x,D,p,15,x,NeupNAc
G53965RU,unassigned,6,Man,a,D,p,NC,3|6,Manp
G53965RU,unassigned,7,GlcNAc,x,D,p,6,x,GlcpNAc
G53965RU,unassigned,18,NeuNAc,x,D,p,x,x,NeupNAc
G53965RU,unassigned,9,GlcNAc,x,D,p,6,x,GlcpNAc
G54422SY,unassigned,11,Man,a,D,p,NC,x,Manp
G54422SY,unassigned,12,GlcNAc,b,D,p,11,2,GlcpNAc
G54422SY,unassigned,13,Gal,b,D,p,12,x,Galp
G54422SY,unassigned,14,NeuNAc,a,D,p,13,x,NeupNAc
G54422SY,unassigned,17,Hex,x,x,p,x,x,Hexp
G54422SY,unassigned,18,HexNAc,x,x,p,x,x,HexpNAc
G54422SY,unassigned,2,Fuc,a,L,p,NA,x,Fucp
G54422SY,unassigned,7,Man,a,D,p,NC,x,Manp
G54422SY,unassigned,8,GlcNAc,b,D,p,7,2,GlcpNAc
G54422SY,unassigned,9,Gal,b,D,p,8,x,Galp
G54639VI,unassigned,11,GlcNAc,x,D,p,10,x,GlcpNAc
G54639VI,unassigned,12,Gal,x,D,p,11,x,Galp
G54639VI,unassigned,14,GlcNAc,x,D,p,10,x,GlcpNAc
G54639VI,unassigned,15,Gal,x,D,p,14,x,Galp
G54639VI,unassigned,17,GlcNAc,x,D,p,NC,4,GlcpNAc
G54639VI,unassigned,19,Fuc,x,L,p,NA,6,Fucp
G54639VI,unassigned,6,Man,a,D,p,NC,x,Manp
G54639VI,unassigned,7,GlcNAc,x,D,p,6,x,GlcpNAc
G54639VI,unassigned,8,Gal,x,D,p,7,x,Galp
G54639VI,unassigned,20,Fuc,x,L,p,x,x,Fucp
G54639VI,unassigned,10,Man,a,D,p,NC,x,Manp
G54652ZD,unassigned,11,Man,a,D,p,NC,3|6,Manp
G54652ZD,unassigned,12,GlcNAc,x,D,p,11,x,GlcpNAc
G54652ZD,unassigned,13,Gal,x,D,p,12,x,Galp
G54652ZD,unassigned,16,GlcNAc,x,D,p,x,x,GlcpNAc
G54652ZD,unassigned,18,GlcNAc,x,D,p,x,x,GlcpNAc
G54652ZD,unassigned,6,Man,a,D,p,NC,3|6,Manp
G54652ZD,unassigned,7,GlcNAc,x,D,p,6,x,GlcpNAc
G54652ZD,unassigned,8,Gal,x,D,p,7,x,Galp
G54652ZD,unassigned,9,Fuc,x,L,p,7,x,Fucp
G54652ZD,unassigned,20,NeuNAc,x,D,p,x,x,NeupNAc
G54682XF,unassigned,13,GlcNAc,x,D,p,x,x,GlcpNAc
G54682XF,unassigned,14,Gal,x,D,p,13,x,Galp
G54682XF,unassigned,15,NeuNAc,x,D,p,14,x,NeupNAc
G54682XF,unassigned,18,GlcNAc,x,D,p,x,x,GlcpNAc
G54682XF,unassigned,19,Gal,x,D,p,18,x,Galp
G54682XF,unassigned,8,GlcNAc,x,D,p,x,x,GlcpNAc
G54682XF,unassigned,9,Gal,x,D,p,8,x,Galp
G54682XF,unassigned,20,NeuNAc,x,D,p,19,x,NeupNAc
G54682XF,unassigned,10,NeuNAc,x,D,p,9,x,NeupNAc
G54696PD,unassigned,17,NeuNAc,a,D,p,x,x,NeupNAc
G54904QW,unassigned,18,NeuNAc,a,D,p,x,x,NeupNAc
G55504WE,unassigned,12,Gal,x,D,p,x,x,Galp
G55504WE,unassigned,13,NeuNAc,x,D,p,12,x,NeupNAc
G55504WE,unassigned,15,GlcNAc,x,D,p,x,x,GlcpNAc
G55504WE,unassigned,7,GlcNAc,x,D,p,N1,x,GlcpNAc
G55504WE,unassigned,10,GlcNAc,x,D,p,N4,x,GlcpNAc
G56069TX,unassigned,11,Man,a,D,p,NC,3|6,Manp
G56069TX,unassigned,12,GlcNAc,x,D,p,11,x,GlcpNAc
G56069TX,unassigned,15,Gal,x,D,p,x,x,Galp
G56069TX,unassigned,16,NeuNAc,x,D,p,15,x,NeupNAc
G56069TX,unassigned,6,Man,a,D,p,NC,3|6,Manp
G56069TX,unassigned,7,GlcNAc,x,D,p,6,x,GlcpNAc
G56069TX,unassigned,9,GlcNAc,x,D,p,6,x,GlcpNAc
G56501FP,unassigned,12,Gal,b,D,p,10,4,Galp
G56501FP,unassigned,23,Gal,b,D,p,21,4,Galp
G56501FP,unassigned,13,NeuNAc,a,D,p,12,3,NeupNAc
G56501FP,unassigned,25,GlcNAc,x,D,p,x,x,GlcpNAc
G56501FP,unassigned,15,Man,a,D,p,NC,x,Manp
G56501FP,unassigned,16,GlcNAc,b,D,p,15,x,GlcpNAc
G56501FP,unassigned,27,Gal,x,D,p,25,4,Galp
G56501FP,unassigned,28,NeuNAc,a,D,p,x,x,NeupNAc
G56501FP,unassigned,18,Gal,b,D,p,16,4,Galp
G56501FP,unassigned,19,NeuNAc,a,D,p,18,3,NeupNAc
G56501FP,unassigned,6,Man,a,D,p,NC,x,Manp
G56501FP,unassigned,7,GlcNAc,b,D,p,6,x,GlcpNAc
G56501FP,unassigned,9,Gal,b,D,p,7,4,Galp
G56501FP,unassigned,30,NeuNAc,a,D,p,x,x,NeupNAc
G56501FP,unassigned,10,GlcNAc,b,D,p,6,x,GlcpNAc
G56501FP,unassigned,21,GlcNAc,b,D,p,15,x,GlcpNAc
G56809XB,unassigned,15,Fuc,a,L,p,x,x,Fucp
G57153UY,unassigned,13,Gal,b,D,p,x,x,Galp
G57789QC,unassigned,23,NeuNAc,a,D,p,x,x,NeupNAc
G57789QC,unassigned,21,NeuNAc,a,D,p,x,x,NeupNAc
G58063ME,unassigned,11,Man,a,D,p,NC,x,Manp
G58063ME,unassigned,12,GlcNAc,b,D,p,11,2,GlcpNAc
G58063ME,unassigned,2,Fuc,a,L,p,NA,x,Fucp
G58063ME,unassigned,13,Gal,b,D,p,12,x,Galp
G58063ME,unassigned,14,NeuNAc,a,D,p,13,x,NeupNAc
G58063ME,unassigned,17,HexNAc,x,x,p,x,x,HexpNAc
G58063ME,unassigned,7,Man,a,D,p,NC,x,Manp
G58063ME,unassigned,8,GlcNAc,b,D,p,7,2,GlcpNAc
G58063ME,unassigned,9,Gal,b,D,p,8,x,Galp
G58229BR,unassigned,15,Gal,b,D,p,N5,x,Galp
G58229BR,unassigned,16,NeuNAc,a,D,p,15,x,NeupNAc
G58229BR,unassigned,19,HexNAc,x,x,p,x,x,HexpNAc
G58229BR,unassigned,2,Fuc,a,L,p,NA,x,Fucp
G58229BR,unassigned,9,Gal,b,D,p,N2,x,Galp
G58229BR,unassigned,10,NeuNAc,a,D,p,9,x,NeupNAc
G58232MG,unassigned,11,Gal,x,D,p,10,x,Galp
G58232MG,unassigned,13,Man,a,D,p,NC,3|6,Manp
G58232MG,unassigned,14,GlcNAc,x,D,p,13,x,GlcpNAc
G58232MG,unassigned,15,Gal,x,D,p,14,x,Galp
G58232MG,unassigned,17,NeuNAc,x,D,p,x,x,NeupNAc
G58232MG,unassigned,19,NeuNAc,x,D,p,x,x,NeupNAc
G58232MG,unassigned,6,Man,a,D,p,NC,3|6,Manp
G58232MG,unassigned,7,GlcNAc,x,D,p,6,x,GlcpNAc
G58232MG,unassigned,8,Gal,x,D,p,7,x,Galp
G58232MG,unassigned,10,GlcNAc,x,D,p,6,x,GlcpNAc
G58232MG,unassigned,21,Fuc,x,L,p,x,x,Fucp
G58268WC,unassigned,11,Man,a,D,p,NC,x,Manp
G58268WC,unassigned,12,GlcNAc,b,D,p,11,2,GlcpNAc
G58268WC,unassigned,14,Fuc,a,L,p,12,3,Fucp
G58268WC,unassigned,15,GalNAc,b,D,p,12,4,GalpNAc
G58268WC,unassigned,6,Man,a,D,p,NC,x,Manp
G58268WC,unassigned,7,GlcNAc,b,D,p,6,2,GlcpNAc
G58268WC,unassigned,18,NeuNAc,x,D,p,x,x,NeupNAc
G58268WC,unassigned,9,GalNAc,b,D,p,7,4,GalpNAc
G58444TO,unassigned,18,NeuNAc,x,D,p,x,x,NeupNAc
G58481XO,unassigned,11,Man,a,D,p,NC,x,Manp
G58481XO,unassigned,12,GlcNAc,b,D,p,11,2,GlcpNAc
G58481XO,unassigned,13,Gal,x,D,p,12,x,Galp
G58481XO,unassigned,15,Fuc,x,L,p,NA,6,Fucp
G58481XO,unassigned,16,NeuNAc,a,D,p,x,x,NeupNAc
G58481XO,unassigned,6,Man,a,D,p,NC,x,Manp
G58481XO,unassigned,7,GlcNAc,b,D,p,6,2,GlcpNAc
G58481XO,unassigned,9,GalNAc,b,D,p,7,4,GalpNAc
G58848QS,unassigned,18,NeuNAc,x,D,p,x,x,NeupNAc
G58848QS,unassigned,20,NeuNAc,x,D,p,x,x,NeupNAc
G59576IJ,unassigned,11,NeuNAc,a,D,p,10,6,NeupNAc
G59576IJ,unassigned,9,GlcNAc,x,D,p,x,x,GlcpNAc
G59576IJ,unassigned,10,Gal,x,D,p,9,x,Galp
G59821FL,unassigned,11,Man,a,D,p,NC,x,Manp
G59821FL,unassigned,12,GlcNAc,b,D,p,11,2,GlcpNAc
G59821FL,unassigned,14,Gal,b,D,p,12,4,Galp
G59821FL,unassigned,16,Fuc,a,L,p,x,x,Fucp
G59821FL,unassigned,6,Man,a,D,p,NC,x,Manp
G59821FL,unassigned,17,NeuNAc,a,D,p,x,x,NeupNAc
G59821FL,unassigned,7,GlcNAc,b,D,p,6,2,GlcpNAc
G59821FL,unassigned,9,GalNAc,b,D,p,7,4,GalpNAc
G60496YL,unassigned,15,NeuNAc,a,D,p,x,x,NeupNAc
G60542VK,unassigned,22,NeuNAc,a,D,p,x,x,NeupNAc
G60542VK,unassigned,20,NeuNAc,a,D,p,x,x,NeupNAc
G60984DZ,unassigned,11,Gal,x,D,p,10,x,Galp
G60984DZ,unassigned,22,Fuc,x,L,p,NA,6,Fucp
G60984DZ,unassigned,23,GlcNAc,x,D,p,x,x,GlcpNAc
G60984DZ,unassigned,13,GlcNAc,x,D,p,NC,4,GlcpNAc
G60984DZ,unassigned,24,Gal,x,D,p,23,x,Galp
G60984DZ,unassigned,26,GlcNAc,x,D,p,x,x,GlcpNAc
G60984DZ,unassigned,16,GlcNAc,x,D,p,N4,x,GlcpNAc
G60984DZ,unassigned,17,Gal,x,D,p,16,x,Galp
G60984DZ,unassigned,19,GlcNAc,x,D,p,N4,x,GlcpNAc
G60984DZ,unassigned,7,GlcNAc,x,D,p,N1,x,GlcpNAc
G60984DZ,unassigned,8,Gal,x,D,p,7,x,Galp
G60984DZ,unassigned,20,Gal,x,D,p,19,x,Galp
G60984DZ,unassigned,10,GlcNAc,x,D,p,N1,x,GlcpNAc
G61170KL,unassigned,11,GlcNAc,x,D,p,x,x,GlcpNAc
G61170KL,unassigned,13,HexNAc,x,x,p,x,x,HexpNAc
G61170KL,unassigned,9,GlcNAc,x,D,p,x,x,GlcpNAc
G61505ZR,unassigned,15,GlcNAc,b,D,p,x,x,GlcpNAc
G61505ZR,unassigned,17,Gal,b,D,p,15,4,Galp
G61726TP,unassigned,11,Man,a,D,p,NC,3|6,Manp
G61726TP,unassigned,12,GlcNAc,x,D,p,11,x,GlcpNAc
G61726TP,unassigned,13,Gal,x,D,p,12,x,Galp
G61726TP,unassigned,15,NeuNAc,x,D,p,x,x,NeupNAc
G61726TP,unassigned,6,Man,a,D,p,NC,3|6,Manp
G61726TP,unassigned,7,GlcNAc,x,D,p,6,x,GlcpNAc
G61726TP,unassigned,8,GalNAc,x,D,p,7,x,GalpNAc
G61894MD,unassigned,11,Man,x,D,p,x,x,Manp
G61894MD,unassigned,12,Man,x,D,p,x,x,Manp
G61894MD,unassigned,13,Man,x,D,p,x,x,Manp
G61894MD,unassigned,10,Man,x,D,p,x,x,Manp
G61937QU,unassigned,13,Gal,x,D,p,x,x,Galp
G61937QU,unassigned,7,GlcNAc,x,D,p,N1,x,GlcpNAc
G61937QU,unassigned,10,GlcNAc,x,D,p,N4,x,GlcpNAc
G62091GQ,unassigned,13,GalNAc,x,D,p,x,x,GalpNAc
G62091GQ,unassigned,15,NeuNAc,a,D,p,13,6,NeupNAc
G62091GQ,unassigned,7,GlcNAc,x,D,p,N1,x,GlcpNAc
G62091GQ,unassigned,10,GlcNAc,x,D,p,N4,x,GlcpNAc
G62768NK,unassigned,11,Man,x,D,p,x,x,Manp
G62768NK,unassigned,12,Man,x,D,p,x,x,Manp
G62768NK,unassigned,13,Man,x,D,p,x,x,Manp
G62768NK,unassigned,14,Man,x,D,p,x,x,Manp
G62768NK,unassigned,8,Man,x,D,p,x,x,Manp
G62768NK,unassigned,9,Man,x,D,p,x,x,Manp
G62768NK,unassigned,10,Man,x,D,p,x,x,Manp
G62837IG,unassigned,11,GlcNAc,x,D,p,x,x,GlcpNAc
G62837IG,unassigned,13,Fuc,a,L,p,11,3,Fucp
G62837IG,unassigned,14,Gal,b,D,p,11,4,Galp
G62837IG,unassigned,15,GlcNAc,x,D,p,x,x,GlcpNAc
G62837IG,unassigned,16,Gal,x,D,p,15,x,Galp
G62837IG,unassigned,18,GlcNAc,x,D,p,x,x,GlcpNAc
G63046OH,unassigned,11,GlcNAc,x,D,p,x,x,GlcpNAc
G63046OH,unassigned,22,Gal,x,D,p,21,x,Galp
G63046OH,unassigned,13,Fuc,a,L,p,11,3,Fucp
G63046OH,unassigned,14,Gal,b,D,p,11,4,Galp
G63046OH,unassigned,15,GlcNAc,x,D,p,x,x,GlcpNAc
G63046OH,unassigned,16,Gal,x,D,p,15,x,Galp
G63046OH,unassigned,18,GlcNAc,x,D,p,x,x,GlcpNAc
G63046OH,unassigned,19,Gal,x,D,p,18,x,Galp
G63046OH,unassigned,21,GlcNAc,x,D,p,x,x,GlcpNAc
G63640QH,unassigned,12,Gal,b,D,p,x,x,Galp
G63976LA,unassigned,11,Man,a,D,p,x,x,Manp
G63976LA,unassigned,6,Man,a,D,p,NC,x,Manp
G63976LA,unassigned,7,Man,a,D,p,6,2,Manp
G63976LA,unassigned,8,Man,a,D,p,NC,x,Manp
G63976LA,unassigned,9,Man,a,D,p,8,3,Manp
G63976LA,unassigned,10,Man,a,D,p,8,6,Manp
G64076LG,unassigned,15,Gal,b,D,p,N5,x,Galp
G64076LG,unassigned,16,NeuNAc,a,D,p,15,x,NeupNAc
G64076LG,unassigned,19,Hex,x,x,p,x,x,Hexp
G64076LG,unassigned,2,Fuc,a,L,p,NA,x,Fucp
G64076LG,unassigned,9,Gal,b,D,p,N2,x,Galp
G64076LG,unassigned,20,HexNAc,x,x,p,x,x,HexpNAc
G64076LG,unassigned,10,NeuNAc,a,D,p,9,x,NeupNAc
G64411TU,unassigned,11,Man,x,D,p,x,x,Manp
G64411TU,unassigned,12,Man,x,D,p,x,x,Manp
G64411TU,unassigned,13,Man,x,D,p,x,x,Manp
G64411TU,unassigned,14,Man,x,D,p,x,x,Manp
G64411TU,unassigned,15,Man,x,D,p,x,x,Manp
G64411TU,unassigned,8,Man,x,D,p,x,x,Manp
G64411TU,unassigned,9,Man,x,D,p,x,x,Manp
G64411TU,unassigned,10,Man,x,D,p,x,x,Manp
G65365UP,unassigned,12,GlcNAc,x,D,p,N4,x,GlcpNAc
G65365UP,unassigned,15,GlcNAc,x,D,p,x,x,GlcpNAc
G65365UP,unassigned,16,Gal,x,D,p,15,x,Galp
G65365UP,unassigned,7,GlcNAc,x,D,p,N1,x,GlcpNAc
G65365UP,unassigned,18,GlcNAc,x,D,p,x,x,GlcpNAc
G65550TC,unassigned,11,GlcNAc,x,D,p,x,x,GlcpNAc
G65550TC,unassigned,13,Fuc,a,L,p,11,3,Fucp
G65550TC,unassigned,14,Gal,b,D,p,11,4,Galp
G65550TC,unassigned,15,GlcNAc,x,D,p,x,x,GlcpNAc
G65896IX,unassigned,11,Man,a,D,p,NC,3|6,Manp
G65896IX,unassigned,12,GlcNAc,x,D,p,11,x,GlcpNAc
G65896IX,unassigned,13,Gal,x,D,p,12,x,Galp
G65896IX,unassigned,16,NeuNAc,a,D,p,x,x,NeupNAc
G65896IX,unassigned,6,Man,a,D,p,NC,3|6,Manp
G65896IX,unassigned,7,GlcNAc,x,D,p,6,x,GlcpNAc
G65896IX,unassigned,8,GalNAc,x,D,p,7,x,GalpNAc
G66377OH,unassigned,14,NeuNAc,a,D,p,x,x,NeupNAc
G66504LK,unassigned,11,GlcNAc,b,D,p,10,2,GlcpNAc
G66504LK,unassigned,2,Fuc,x,L,p,NA,x,Fucp
G66504LK,unassigned,13,GlcNAc,b,D,p,10,6,GlcpNAc
G66504LK,unassigned,15,Gal,b,D,p,x,x,Galp
G66504LK,unassigned,16,Gal,b,D,p,x,x,Galp
G66504LK,unassigned,7,Man,a,D,p,NC,x,Manp
G66504LK,unassigned,8,GlcNAc,b,D,p,7,2,GlcpNAc
G66504LK,unassigned,10,Man,a,D,p,NC,x,Manp
G66751BK,unassigned,15,Gal,b,D,p,x,x,Galp
G66751BK,unassigned,16,NeuNAc,a,D,p,15,6,NeupNAc
G67196QU,unassigned,27,NeuNAc,a,D,p,x,x,NeupNAc
G67381VP,unassigned,11,Man,a,D,p,x,x,Manp
G67381VP,unassigned,12,Man,a,D,p,x,x,Manp
G67381VP,unassigned,10,Man,a,D,p,x,x,Manp
G67656PN,unassigned,17,NeuNAc,a,D,p,x,x,NeupNAc
G67971GL,unassigned,11,Man,x,D,p,x,x,Manp
G67971GL,unassigned,12,Man,x,D,p,x,x,Manp
G67971GL,unassigned,13,Man,x,D,p,x,x,Manp
G67971GL,unassigned,14,Man,x,D,p,x,x,Manp
G67971GL,unassigned,15,Man,x,D,p,x,x,Manp
G67971GL,unassigned,10,Man,x,D,p,x,x,Manp
G68698AP,unassigned,9,GlcNAc,x,D,p,x,x,GlcpNAc
G68698AP,unassigned,10,Gal,x,D,p,9,x,Galp
G68866GS,unassigned,17,NeuNAc,x,D,p,x,x,NeupNAc
G68969GZ,unassigned,11,Man,a,D,p,NC,3|6,Manp
G68969GZ,unassigned,12,GlcNAc,x,D,p,11,x,GlcpNAc
G68969GZ,unassigned,13,Fuc,x,L,p,12,x,Fucp
G68969GZ,unassigned,16,Gal,x,D,p,x,x,Galp
G68969GZ,unassigned,6,Man,a,D,p,NC,3|6,Manp
G68969GZ,unassigned,7,GlcNAc,x,D,p,6,x,GlcpNAc
G68969GZ,unassigned,9,GlcNAc,x,D,p,6,x,GlcpNAc
G71071YT,unassigned,11,Fuc,a,L,p,9,3,Fucp
G71071YT,unassigned,12,Gal,b,D,p,9,4,Galp
G71071YT,unassigned,13,NeuNAc,x,D,p,12,x,NeupNAc
G71071YT,unassigned,15,GlcNAc,x,D,p,x,x,GlcpNAc
G71071YT,unassigned,16,Gal,x,D,p,15,x,Galp
G71071YT,unassigned,17,NeuNAc,x,D,p,16,x,NeupNAc
G71071YT,unassigned,9,GlcNAc,x,D,p,x,x,GlcpNAc
G71527NE,unassigned,12,GlcNAc,x,D,p,N1,x,GlcpNAc
G71527NE,unassigned,23,Fuc,x,L,p,x,x,Fucp
G71527NE,unassigned,13,Gal,x,D,p,12,x,Galp
G71527NE,unassigned,14,NeuNAc,x,D,p,13,x,NeupNAc
G71527NE,unassigned,18,GlcNAc,x,D,p,N4,x,GlcpNAc
G71527NE,unassigned,19,Gal,x,D,p,18,x,Galp
G71527NE,unassigned,7,GlcNAc,x,D,p,N1,x,GlcpNAc
G71527NE,unassigned,8,Gal,x,D,p,7,x,Galp
G71527NE,unassigned,9,NeuNAc,x,D,p,8,x,NeupNAc
G71527NE,unassigned,20,NeuNAc,x,D,p,19,x,NeupNAc
G71549MK,unassigned,22,Fuc,x,L,p,NA,6,Fucp
G71549MK,unassigned,23,GlcNAc,x,D,p,x,x,GlcpNAc
G71549MK,unassigned,24,Gal,x,D,p,23,x,Galp
G71549MK,unassigned,26,GlcNAc,x,D,p,x,x,GlcpNAc
G71549MK,unassigned,27,Gal,x,D,p,26,x,Galp
G71549MK,unassigned,29,GlcNAc,x,D,p,x,x,GlcpNAc
G71549MK,unassigned,30,Gal,x,D,p,29,x,Galp
G71549MK,unassigned,10,GlcNAc,x,D,p,N1,x,GlcpNAc
G71549MK,unassigned,32,GlcNAc,x,D,p,x,x,GlcpNAc
G71549MK,unassigned,11,Gal,x,D,p,10,x,Galp
G71549MK,unassigned,33,Gal,x,D,p,32,x,Galp
G71549MK,unassigned,13,GlcNAc,x,D,p,NC,4,GlcpNAc
G71549MK,unassigned,35,GlcNAc,x,D,p,x,x,GlcpNAc
G71549MK,unassigned,36,Gal,x,D,p,35,x,Galp
G71549MK,unassigned,16,GlcNAc,x,D,p,N4,x,GlcpNAc
G71549MK,unassigned,17,Gal,x,D,p,16,x,Galp
G71549MK,unassigned,19,GlcNAc,x,D,p,N4,x,GlcpNAc
G71549MK,unassigned,7,GlcNAc,x,D,p,N1,x,GlcpNAc
G71549MK,unassigned,8,Gal,x,D,p,7,x,Galp
G71549MK,unassigned,20,Gal,x,D,p,19,x,Galp
G71919QK,unassigned,23,Gal,b,D,p,21,4,Galp
G71919QK,unassigned,15,GlcNAc,b,D,p,x,x,GlcpNAc
G71919QK,unassigned,17,Gal,b,D,p,15,4,Galp
G71919QK,unassigned,18,GlcNAc,b,D,p,x,x,GlcpNAc
G71919QK,unassigned,20,Gal,b,D,p,18,4,Galp
G71919QK,unassigned,21,GlcNAc,b,D,p,x,x,GlcpNAc
G74111QE,unassigned,11,GlcNAc,b,D,p,N4,3,GlcpNAc
G74111QE,unassigned,13,Gal,b,D,p,11,4,Galp
G74111QE,unassigned,18,NeuNAc,a,D,p,x,x,NeupNAc
G74239ZQ,unassigned,18,NeuNAc,a,D,p,x,x,NeupNAc
G74239ZQ,unassigned,20,NeuNAc,a,D,p,x,x,NeupNAc
G74311PB,unassigned,16,Gal,b,D,p,x,x,Galp
G74320MK,unassigned,11,Fuc,a,L,p,9,3,Fucp
G74320MK,unassigned,12,Gal,b,D,p,9,4,Galp
G74320MK,unassigned,13,GlcNAc,x,D,p,x,x,GlcpNAc
G74320MK,unassigned,15,Fuc,a,L,p,13,3,Fucp
G74320MK,unassigned,16,Gal,b,D,p,13,4,Galp
G74320MK,unassigned,17,GlcNAc,x,D,p,x,x,GlcpNAc
G74320MK,unassigned,18,Gal,x,D,p,17,x,Galp
G74320MK,unassigned,9,GlcNAc,x,D,p,x,x,GlcpNAc
G74320MK,unassigned,20,GlcNAc,x,D,p,x,x,GlcpNAc
G74320MK,unassigned,21,Gal,x,D,p,20,x,Galp
G74910CR,unassigned,11,Man,x,D,p,x,x,Manp
G74910CR,unassigned,8,Man,x,D,p,x,x,Manp
G74910CR,unassigned,9,Man,x,D,p,x,x,Manp
G74910CR,unassigned,10,Man,x,D,p,x,x,Manp
G75052YA,unassigned,15,NeuNAc,a,D,p,x,x,NeupNAc
G75052YA,unassigned,7,Man,a,D,p,N1,3,Manp
G75052YA,unassigned,8,GlcNAc,b,D,p,7,2,GlcpNAc
G75052YA,unassigned,10,Gal,b,D,p,8,4,Galp
G75798PH,unassigned,12,Gal,x,D,p,x,x,Galp
G75798PH,unassigned,7,GlcNAc,x,D,p,N1,x,GlcpNAc
G75798PH,unassigned,10,GlcNAc,x,D,p,N4,x,GlcpNAc
G75977KH,unassigned,18,NeuNAc,x,D,p,x,x,NeupNAc
G75977KH,unassigned,20,NeuNAc,x,D,p,x,x,NeupNAc
G76519VT,unassigned,11,GlcNAc,x,D,p,x,x,GlcpNAc
G76519VT,unassigned,13,Fuc,a,L,p,11,3,Fucp
G76519VT,unassigned,14,Gal,b,D,p,11,4,Galp
G76519VT,unassigned,15,NeuNAc,x,D,p,14,x,NeupNAc
G76519VT,unassigned,17,GlcNAc,x,D,p,x,x,GlcpNAc
G76519VT,unassigned,18,Gal,x,D,p,17,x,Galp
G76519VT,unassigned,19,NeuNAc,x,D,p,18,x,NeupNAc
G77122IZ,unassigned,11,Man,a,D,p,NC,x,Manp
G77122IZ,unassigned,12,GlcNAc,b,D,p,11,2,GlcpNAc
G77122IZ,unassigned,14,Gal,b,D,p,12,4,Galp
G77122IZ,unassigned,15,GlcNAc,b,D,p,11,6,GlcpNAc
G77122IZ,unassigned,17,Gal,b,D,p,15,4,Galp
G77122IZ,unassigned,18,NeuNAc,a,D,p,x,x,NeupNAc
G77122IZ,unassigned,2,Fuc,x,L,p,NA,x,Fucp
G77122IZ,unassigned,7,Man,a,D,p,NC,x,Manp
G77122IZ,unassigned,8,GlcNAc,b,D,p,7,2,GlcpNAc
G77122IZ,unassigned,10,Gal,b,D,p,8,4,Galp
G77149EE,unassigned,23,Gal,b,D,p,21,4,Galp
G77149EE,unassigned,21,GlcNAc,b,D,p,x,x,GlcpNAc
G77177HT,unassigned,14,NeuNAc,a,D,p,x,x,NeupNAc
G77282MO,unassigned,12,Gal,b,D,p,10,4,Galp
G77282MO,unassigned,13,Man,a,D,p,NC,3|6,Manp
G77282MO,unassigned,14,GlcNAc,b,D,p,13,2,GlcpNAc
G77282MO,unassigned,16,Gal,b,D,p,14,4,Galp
G77282MO,unassigned,18,NeuNAc,a,D,p,x,x,NeupNAc
G77282MO,unassigned,6,Man,a,D,p,NC,3|6,Manp
G77282MO,unassigned,7,GlcNAc,b,D,p,6,2,GlcpNAc
G77282MO,unassigned,9,Gal,b,D,p,7,4,Galp
G77282MO,unassigned,10,GlcNAc,b,D,p,6,4,GlcpNAc
G77805RB,unassigned,15,NeuNAc,a,D,p,x,x,NeupNAc
G77805RB,unassigned,17,Fuc,a,L,p,x,x,Fucp
G78019KD,unassigned,11,GlcNAc,x,D,p,N4,x,GlcpNAc
G78019KD,unassigned,12,Gal,x,D,p,11,x,Galp
G78019KD,unassigned,14,NeuNAc,x,D,p,x,x,NeupNAc
G78019KD,unassigned,16,Fuc,x,L,p,x,x,Fucp
G78019KD,unassigned,7,GlcNAc,x,D,p,N1,x,GlcpNAc
G78019KD,unassigned,8,Gal,x,D,p,7,x,Galp
G78454JO,unassigned,11,GlcNAc,b,D,p,10,2,GlcpNAc
G78454JO,unassigned,2,Fuc,x,L,p,NA,x,Fucp
G78454JO,unassigned,13,GlcNAc,b,D,p,10,6,GlcpNAc
G78454JO,unassigned,15,Gal,b,D,p,x,x,Galp
G78454JO,unassigned,7,Man,a,D,p,NC,x,Manp
G78454JO,unassigned,8,GlcNAc,b,D,p,7,2,GlcpNAc
G78454JO,unassigned,10,Man,a,D,p,NC,x,Manp
G78644BR,unassigned,11,Gal,x,D,p,10,x,Galp
G78644BR,unassigned,13,Man,a,D,p,NC,3|6,Manp
G78644BR,unassigned,14,GlcNAc,x,D,p,13,x,GlcpNAc
G78644BR,unassigned,15,Gal,x,D,p,14,x,Galp
G78644BR,unassigned,6,Man,a,D,p,NC,3|6,Manp
G78644BR,unassigned,17,Fuc,x,L,p,x,x,Fucp
G78644BR,unassigned,7,GlcNAc,x,D,p,6,x,GlcpNAc
G78644BR,unassigned,8,Gal,x,D,p,7,x,Galp
G78644BR,unassigned,10,GlcNAc,x,D,p,6,x,GlcpNAc
G79089EU,unassigned,19,Gal,b,D,p,x,x,Galp
G79473WX,unassigned,15,Gal,b,D,p,x,x,Galp
G79564YR,unassigned,14,Gal,b,D,p,x,x,Galp
G79745PG,unassigned,11,Gal,x,D,p,10,x,Galp
G79745PG,unassigned,22,NeuNAc,x,D,p,x,x,NeupNAc
G79745PG,unassigned,13,Man,a,D,p,NC,3|6,Manp
G79745PG,unassigned,24,NeuNAc,x,D,p,x,x,NeupNAc
G79745PG,unassigned,14,GlcNAc,x,D,p,13,x,GlcpNAc
G79745PG,unassigned,15,Gal,x,D,p,14,x,Galp
G79745PG,unassigned,6,Man,a,D,p,NC,3|6,Manp
G79745PG,unassigned,7,GlcNAc,x,D,p,6,x,GlcpNAc
G79745PG,unassigned,8,Gal,x,D,p,7,x,Galp
G79745PG,unassigned,20,NeuNAc,x,D,p,x,x,NeupNAc
G79745PG,unassigned,10,GlcNAc,x,D,p,6,x,GlcpNAc
G79939YZ,unassigned,11,Gal,x,D,p,10,x,Galp
G79939YZ,unassigned,13,Man,a,D,p,NC,3|6,Manp
G79939YZ,unassigned,14,GlcNAc,x,D,p,13,x,GlcpNAc
G79939YZ,unassigned,15,Gal,x,D,p,14,x,Galp
G79939YZ,unassigned,18,NeuNAc,x,D,p,x,x,NeupNAc
G79939YZ,unassigned,6,Man,a,D,p,NC,3|6,Manp
G79939YZ,unassigned,7,GlcNAc,x,D,p,6,x,GlcpNAc
G79939YZ,unassigned,8,Gal,x,D,p,7,x,Galp
G79939YZ,unassigned,20,NeuNAc,x,D,p,x,x,NeupNAc
G79939YZ,unassigned,10,GlcNAc,x,D,p,6,x,GlcpNAc
G80678MA,unassigned,11,Gal,x,D,p,10,x,Galp
G80678MA,unassigned,13,Man,a,D,p,NC,3|6,Manp
G80678MA,unassigned,14,GlcNAc,x,D,p,13,x,GlcpNAc
G80678MA,unassigned,15,Gal,x,D,p,14,x,Galp
G80678MA,unassigned,19,NeuNAc,x,D,p,x,x,NeupNAc
G80678MA,unassigned,6,Man,a,D,p,NC,3|6,Manp
G80678MA,unassigned,7,GlcNAc,x,D,p,6,x,GlcpNAc
G80678MA,unassigned,8,Gal,x,D,p,7,x,Galp
G80678MA,unassigned,10,GlcNAc,x,D,p,6,x,GlcpNAc
G80759CD,unassigned,17,NeuNAc,a,D,p,x,x,NeupNAc
G81247ZO,unassigned,11,Gal,x,D,p,10,x,Galp
G81247ZO,unassigned,13,Man,a,D,p,NC,3|6,Manp
G81247ZO,unassigned,14,GlcNAc,x,D,p,13,x,GlcpNAc
G81247ZO,unassigned,15,Gal,x,D,p,14,x,Galp
G81247ZO,unassigned,17,NeuNAc,x,D,p,x,x,NeupNAc
G81247ZO,unassigned,19,NeuNAc,x,D,p,x,x,NeupNAc
G81247ZO,unassigned,6,Man,a,D,p,NC,3|6,Manp
G81247ZO,unassigned,7,GlcNAc,x,D,p,6,x,GlcpNAc
G81247ZO,unassigned,8,Gal,x,D,p,7,x,Galp
G81247ZO,unassigned,10,GlcNAc,x,D,p,6,x,GlcpNAc
G81247ZO,unassigned,21,NeuNAc,x,D,p,x,x,NeupNAc
G81282CC,unassigned,14,NeuNAc,x,D,p,x,x,NeupNAc
G81413UE,unassigned,15,NeuNAc,a,D,p,x,x,NeupNAc
G82020ZR,unassigned,11,Man,x,D,p,x,x,Manp
G82138AT,unassigned,11,Man,a,D,p,NC,3|6,Manp
G82138AT,unassigned,12,GlcNAc,x,D,p,11,x,GlcpNAc
G82138AT,unassigned,13,Gal,x,D,p,12,x,Galp
G82138AT,unassigned,18,NeuNAc,x,D,p,x,x,NeupNAc
G82138AT,unassigned,6,Man,a,D,p,NC,3|6,Manp
G82138AT,unassigned,7,GlcNAc,x,D,p,6,x,GlcpNAc
G82138AT,unassigned,9,Fuc,a,L,p,7,3,Fucp
G82138AT,unassigned,10,Gal,b,D,p,7,4,Galp
G82514MH,unassigned,13,Gal,x,D,p,x,x,Galp
G82514MH,unassigned,14,NeuNAc,a,D,p,13,6,NeupNAc
G82514MH,unassigned,7,GlcNAc,x,D,p,N1,x,GlcpNAc
G82514MH,unassigned,10,GlcNAc,x,D,p,N4,x,GlcpNAc
G82763XK,unassigned,17,NeuNAc,a,D,p,x,x,NeupNAc
G83009TH,unassigned,12,GlcNAc,x,D,p,N1,x,GlcpNAc
G83009TH,unassigned,23,GlcNAc,x,D,p,N4,x,GlcpNAc
G83009TH,unassigned,13,Gal,x,D,p,12,x,Galp
G83009TH,unassigned,24,Gal,x,D,p,23,x,Galp
G83009TH,unassigned,14,NeuNAc,x,D,p,13,x,NeupNAc
G83009TH,unassigned,25,NeuNAc,x,D,p,24,x,NeupNAc
G83009TH,unassigned,28,Fuc,x,L,p,x,x,Fucp
G83009TH,unassigned,18,GlcNAc,x,D,p,N4,x,GlcpNAc
G83009TH,unassigned,19,Gal,x,D,p,18,x,Galp
G83009TH,unassigned,7,GlcNAc,x,D,p,N1,x,GlcpNAc
G83009TH,unassigned,8,Gal,x,D,p,7,x,Galp
G83009TH,unassigned,9,NeuNAc,x,D,p,8,x,NeupNAc
G83009TH,unassigned,20,NeuNAc,x,D,p,19,x,NeupNAc
G83213GG,unassigned,11,Gal,x,D,p,10,x,Galp
G83213GG,unassigned,22,NeuNAc,x,D,p,x,x,NeupNAc
G83213GG,unassigned,24,NeuNAc,x,D,p,x,x,NeupNAc
G83213GG,unassigned,14,GlcNAc,x,D,p,N4,x,GlcpNAc
G83213GG,unassigned,15,Gal,x,D,p,14,x,Galp
G83213GG,unassigned,17,GlcNAc,x,D,p,N4,x,GlcpNAc
G83213GG,unassigned,18,Gal,x,D,p,17,x,Galp
G83213GG,unassigned,7,GlcNAc,x,D,p,N1,x,GlcpNAc
G83213GG,unassigned,8,Gal,x,D,p,7,x,Galp
G83213GG,unassigned,20,NeuNAc,x,D,p,x,x,NeupNAc
G83213GG,unassigned,10,GlcNAc,x,D,p,N1,x,GlcpNAc
G83252PW,unassigned,20,NeuNAc,a,D,p,x,x,NeupNAc
G83386PJ,unassigned,19,NeuNAc,a,D,p,x,x,NeupNAc
G84155GY,unassigned,9,Man,x,D,p,x,x,Manp
G84155GY,unassigned,10,Man,x,D,p,x,x,Manp
G84331QL,unassigned,11,NeuNAc,x,D,p,10,x,NeupNAc
G84331QL,unassigned,14,GlcNAc,x,D,p,x,x,GlcpNAc
G84331QL,unassigned,15,Gal,x,D,p,14,x,Galp
G84331QL,unassigned,16,NeuNAc,x,D,p,15,x,NeupNAc
G84331QL,unassigned,19,GlcNAc,x,D,p,x,x,GlcpNAc
G84331QL,unassigned,9,GlcNAc,x,D,p,x,x,GlcpNAc
G84331QL,unassigned,20,Gal,x,D,p,19,x,Galp
G84331QL,unassigned,10,Gal,x,D,p,9,x,Galp
G84331QL,unassigned,21,NeuNAc,x,D,p,20,x,NeupNAc
G84362VL,unassigned,12,GlcNAc,x,D,p,x,x,GlcpNAc
G84362VL,unassigned,14,HexNAc,x,x,p,x,x,HexpNAc
G84362VL,unassigned,9,GlcNAc,x,D,p,x,x,GlcpNAc
G84362VL,unassigned,10,Gal,x,D,p,9,x,Galp
G85095TB,unassigned,18,GlcNAc,b,D,p,x,x,GlcpNAc
G85095TB,unassigned,20,Gal,b,D,p,18,4,Galp
G85196QC,unassigned,11,Man,a,D,p,NC,x,Manp
G85196QC,unassigned,12,GlcNAc,b,D,p,11,2,GlcpNAc
G85196QC,unassigned,14,Gal,b,D,p,12,4,Galp
G85196QC,unassigned,16,NeuNAc,x,D,p,x,x,NeupNAc
G85196QC,unassigned,6,Man,a,D,p,NC,x,Manp
G85196QC,unassigned,7,GlcNAc,b,D,p,6,2,GlcpNAc
G85196QC,unassigned,9,GalNAc,b,D,p,7,4,GalpNAc
G85737WG,unassigned,8,GlcNAc,b,D,p,x,x,GlcpNAc
G86414TE,unassigned,26,NeuNAc,a,D,p,x,x,NeupNAc
G86503RS,unassigned,2,Fuc,a,L,p,NA,x,Fucp
G86503RS,unassigned,13,Gal,b,D,p,N5,x,Galp
G86503RS,unassigned,15,Hex,x,x,p,x,x,Hexp
G86503RS,unassigned,16,HexNAc,x,x,p,x,x,HexpNAc
G86503RS,unassigned,9,Gal,b,D,p,N2,x,Galp
G86632ZU,unassigned,17,NeuNAc,a,D,p,x,x,NeupNAc
G86705PH,unassigned,11,Man,a,D,p,NC,x,Manp
G86705PH,unassigned,12,GlcNAc,b,D,p,11,2,GlcpNAc
G86705PH,unassigned,14,Gal,b,D,p,12,4,Galp
G86705PH,unassigned,15,NeuNAc,a,D,p,x,x,NeupNAc
G86705PH,unassigned,6,Man,a,D,p,NC,x,Manp
G86705PH,unassigned,7,GlcNAc,b,D,p,6,2,GlcpNAc
G86705PH,unassigned,9,GalNAc,b,D,p,7,4,GalpNAc
G87433AX,unassigned,14,NeuNAc,a,D,p,x,x,NeupNAc
G87618BG,unassigned,11,Man,a,D,p,x,x,Manp
G87947EJ,unassigned,11,Gal,x,D,p,10,x,Galp
G87947EJ,unassigned,22,NeuNAc,x,D,p,x,x,NeupNAc
G87947EJ,unassigned,24,Fuc,x,L,p,x,x,Fucp
G87947EJ,unassigned,14,GlcNAc,x,D,p,N4,x,GlcpNAc
G87947EJ,unassigned,15,Gal,x,D,p,14,x,Galp
G87947EJ,unassigned,17,GlcNAc,x,D,p,N4,x,GlcpNAc
G87947EJ,unassigned,18,Gal,x,D,p,17,x,Galp
G87947EJ,unassigned,7,GlcNAc,x,D,p,N1,x,GlcpNAc
G87947EJ,unassigned,8,Gal,x,D,p,7,x,Galp
G87947EJ,unassigned,20,NeuNAc,x,D,p,x,x,NeupNAc
G87947EJ,unassigned,10,GlcNAc,x,D,p,N1,x,GlcpNAc
G88455FN,unassigned,8,GlcNAc,b,D,p,x,x,GlcpNAc
G89370FG,unassigned,16,NeuNAc,a,D,p,x,x,NeupNAc
G89370FG,unassigned,7,Man,a,D,p,N1,3,Manp
G89370FG,unassigned,8,GlcNAc,b,D,p,7,2,GlcpNAc
G89370FG,unassigned,10,Gal,b,D,p,8,4,Galp
G89664KV,unassigned,17,NeuNAc,a,D,p,x,x,NeupNAc
G89664KV,unassigned,19,NeuNAc,a,D,p,x,x,NeupNAc
G90352XZ,unassigned,11,GlcNAc,b,D,p,10,x,GlcpNAc
G90352XZ,unassigned,13,Gal,b,D,p,11,4,Galp
G90352XZ,unassigned,14,GlcNAc,b,D,p,10,2,GlcpNAc
G90352XZ,unassigned,16,Gal,b,D,p,14,4,Galp
G90352XZ,unassigned,18,NeuNAc,a,D,p,x,x,NeupNAc
G90352XZ,unassigned,6,Man,a,D,p,NC,x,Manp
G90352XZ,unassigned,7,GlcNAc,b,D,p,6,2,GlcpNAc
G90352XZ,unassigned,9,Gal,b,D,p,7,4,Galp
G90352XZ,unassigned,10,Man,a,D,p,NC,x,Manp
G90443NH,unassigned,11,GlcNAc,x,D,p,x,x,GlcpNAc
G90443NH,unassigned,12,Gal,x,D,p,11,x,Galp
G90443NH,unassigned,23,GlcNAc,x,D,p,x,x,GlcpNAc
G90443NH,unassigned,13,NeuNAc,x,D,p,12,x,NeupNAc
G90443NH,unassigned,16,GlcNAc,x,D,p,x,x,GlcpNAc
G90443NH,unassigned,17,Gal,x,D,p,16,x,Galp
G90443NH,unassigned,18,NeuNAc,x,D,p,17,x,NeupNAc
G90443NH,unassigned,21,GlcNAc,x,D,p,x,x,GlcpNAc
G90717TP,unassigned,15,Gal,b,D,p,x,x,Galp
G90789YQ,unassigned,11,Gal,x,D,p,10,x,Galp
G90789YQ,unassigned,23,NeuNAc,x,D,p,x,x,NeupNAc
G90789YQ,unassigned,14,GlcNAc,x,D,p,N4,x,GlcpNAc
G90789YQ,unassigned,25,NeuNAc,x,D,p,x,x,NeupNAc
G90789YQ,unassigned,15,Gal,x,D,p,14,x,Galp
G90789YQ,unassigned,17,GlcNAc,x,D,p,N4,x,GlcpNAc
G90789YQ,unassigned,18,Gal,x,D,p,17,x,Galp
G90789YQ,unassigned,7,GlcNAc,x,D,p,N1,x,GlcpNAc
G90789YQ,unassigned,8,Gal,x,D,p,7,x,Galp
G90789YQ,unassigned,10,GlcNAc,x,D,p,N1,x,GlcpNAc
G90789YQ,unassigned,21,NeuNAc,x,D,p,x,x,NeupNAc
G91471TQ,unassigned,6,Man,a,D,p,NC,3|6,Manp
G91471TQ,unassigned,7,Man,x,D,p,6,x,Manp
G91471TQ,unassigned,8,Man,a,D,p,NC,3|6,Manp
G91471TQ,unassigned,9,Man,x,D,p,x,x,Manp
G91623TN,unassigned,11,GlcNAc,x,D,p,x,x,GlcpNAc
G91623TN,unassigned,13,Fuc,a,L,p,11,3,Fucp
G91623TN,unassigned,14,Gal,b,D,p,11,4,Galp
G91623TN,unassigned,15,GlcNAc,x,D,p,x,x,GlcpNAc
G91623TN,unassigned,16,Gal,x,D,p,15,x,Galp
G91623TN,unassigned,18,GlcNAc,x,D,p,x,x,GlcpNAc
G91623TN,unassigned,19,Gal,x,D,p,18,x,Galp
G91623TN,unassigned,21,GlcNAc,x,D,p,x,x,GlcpNAc
G92188CK,unassigned,11,Man,x,D,p,x,x,Manp
G92188CK,unassigned,12,Man,x,D,p,x,x,Manp
G92188CK,unassigned,13,Man,x,D,p,x,x,Manp
G92188CK,unassigned,14,Man,x,D,p,x,x,Manp
G92188CK,unassigned,10,Man,x,D,p,x,x,Manp
G92337QR,unassigned,17,NeuNAc,a,D,p,x,x,NeupNAc
G92337QR,unassigned,19,Fuc,a,L,p,x,x,Fucp
G93141AZ,unassigned,15,Gal,b,D,p,x,x,Galp
G93141AZ,unassigned,16,Gal,b,D,p,x,x,Galp
G93856AJ,unassigned,11,Man,a,D,p,NC,x,Manp
G93856AJ,unassigned,12,GlcNAc,b,D,p,11,2,GlcpNAc
G93856AJ,unassigned,14,Gal,b,D,p,12,4,Galp
G93856AJ,unassigned,16,Fuc,a,L,p,x,x,Fucp
G93856AJ,unassigned,6,Man,a,D,p,NC,x,Manp
G93856AJ,unassigned,7,GlcNAc,b,D,p,6,2,GlcpNAc
G93856AJ,unassigned,9,GalNAc,b,D,p,7,4,GalpNAc
G93993PD,unassigned,11,Man,a,D,p,x,x,Manp
G93993PD,unassigned,12,Man,a,D,p,x,x,Manp
G93999ON,unassigned,11,Gal,x,D,p,10,x,Galp
G93999ON,unassigned,14,GlcNAc,x,D,p,N4,x,GlcpNAc
G93999ON,unassigned,15,Gal,x,D,p,14,x,Galp
G93999ON,unassigned,17,GlcNAc,x,D,p,N4,x,GlcpNAc
G93999ON,unassigned,18,Gal,x,D,p,17,x,Galp
G93999ON,unassigned,7,GlcNAc,x,D,p,N1,x,GlcpNAc
G93999ON,unassigned,8,Gal,x,D,p,7,x,Galp
G93999ON,unassigned,20,NeuNAc,x,D,p,x,x,NeupNAc
G93999ON,unassigned,10,GlcNAc,x,D,p,N1,x,GlcpNAc
G94373HA,unassigned,11,GlcNAc,x,D,p,x,x,GlcpNAc
G94373HA,unassigned,13,Fuc,a,L,p,11,3,Fucp
G94373HA,unassigned,14,Gal,b,D,p,11,4,Galp
G94373HA,unassigned,15,GlcNAc,x,D,p,x,x,GlcpNAc
G94373HA,unassigned,17,Fuc,a,L,p,15,3,Fucp
G94373HA,unassigned,18,Gal,b,D,p,15,4,Galp
G94373HA,unassigned,19,GlcNAc,x,D,p,x,x,GlcpNAc
G96079KC,unassigned,12,Man,a,D,p,NC,x,Manp
G96079KC,unassigned,13,GlcNAc,b,D,p,12,2,GlcpNAc
G96079KC,unassigned,15,GlcNAc,b,D,p,12,4,GlcpNAc
G96079KC,unassigned,17,Gal,b,D,p,x,x,Galp
G96079KC,unassigned,18,Gal,b,D,p,x,x,Galp
G96079KC,unassigned,19,Gal,b,D,p,x,x,Galp
G96079KC,unassigned,2,Fuc,x,L,p,NA,x,Fucp
G96079KC,unassigned,7,Man,a,D,p,NC,x,Manp
G96079KC,unassigned,8,GlcNAc,b,D,p,7,2,GlcpNAc
G96079KC,unassigned,10,GlcNAc,b,D,p,7,6,GlcpNAc
G96095QD,unassigned,15,NeuNAc,a,D,p,x,x,NeupNAc
G96894DL,unassigned,15,NeuNAc,a,D,p,x,x,NeupNAc
G98425JK,unassigned,11,Gal,x,D,p,10,x,Galp
G98425JK,unassigned,23,Fuc,x,L,p,x,x,Fucp
G98425JK,unassigned,13,Man,a,D,p,NC,3|6,Manp
G98425JK,unassigned,14,GlcNAc,x,D,p,13,x,GlcpNAc
G98425JK,unassigned,15,Gal,x,D,p,14,x,Galp
G98425JK,unassigned,17,NeuNAc,x,D,p,x,x,NeupNAc
G98425JK,unassigned,19,NeuNAc,x,D,p,x,x,NeupNAc
G98425JK,unassigned,6,Man,a,D,p,NC,3|6,Manp
G98425JK,unassigned,7,GlcNAc,x,D,p,6,x,GlcpNAc
G98425JK,unassigned,8,Gal,x,D,p,7,x,Galp
G98425JK,unassigned,10,GlcNAc,x,D,p,6,x,GlcpNAc
G98425JK,unassigned,21,NeuNAc,x,D,p,x,x,NeupNAc
G98455QP,unassigned,13,GlcNAc,x,D,p,x,x,GlcpNAc
G98455QP,unassigned,14,Gal,x,D,p,13,x,Galp
G98455QP,unassigned,15,NeuNAc,x,D,p,14,x,NeupNAc
G98455QP,unassigned,18,GlcNAc,x,D,p,x,x,GlcpNAc
G98455QP,unassigned,19,Gal,x,D,p,18,x,Galp
G98455QP,unassigned,8,GlcNAc,x,D,p,x,x,GlcpNAc
G98455QP,unassigned,9,Gal,x,D,p,8,x,Galp
G98455QP,unassigned,10,NeuNAc,x,D,p,9,x,NeupNAc
G98666DD,unassigned,8,GlcNAc,x,D,p,x,x,GlcpNAc
G98666DD,unassigned,9,Gal,x,D,p,8,x,Galp
G98666DD,unassigned,10,NeuNAc,a,D,p,9,3,NeupNAc
G98961TI,unassigned,20,NeuNAc,a,D,p,x,x,NeupNAc
G99035PG,unassigned,11,GlcNAc,x,D,p,x,x,GlcpNAc
G99035PG,unassigned,13,Fuc,a,L,p,11,3,Fucp
G99035PG,unassigned,14,Gal,b,D,p,11,4,Galp
G99035PG,unassigned,15,GlcNAc,x,D,p,x,x,GlcpNAc
G99035PG,unassigned,17,Fuc,a,L,p,15,3,Fucp
G99035PG,unassigned,18,Gal,b,D,p,15,4,Galp
G99035PG,unassigned,19,GlcNAc,x,D,p,x,x,GlcpNAc
G99035PG,unassigned,20,Gal,x,D,p,19,x,Galp
G99952ON,unassigned,13,GlcNAc,b,D,p,x,x,GlcpNAc
G99952ON,unassigned,15,GlcNAc,b,D,p,x,x,GlcpNAc
