residue_name,residue_id,type,orthology_group,uniprot,protein_refseq,dna_refseq,gene_name,gene_id,species,required_residues,blocking_residues,notes,branch_site_specificity
N-glycan_b-D-GlcpNAc_67,N67,GT,B3gnt8,Q8R3I9,NP_666296,NM_146184,B3gnt8,232984,mouse,,,,only GTs to tetra-anntenary
N-glycan_a-D-Manp_24,N24,GT,Alg9,Q8VDI9,NP_598742,NM_133981,Alg9,102580,mouse,,,,
N-glycan_a-D-NeupNAc_70,N70,GT,St6gal1,P15907,NP_775323,NM_173216,ST6GAL1,6480,human,,,major,
N-glycan_a-L-Fucp_71,N71,GT,Fut2,Q9JL27,NP_061364,NM_018876,Fut2,14344,mouse,,,,
N-glycan_b-D-GlcpNAc_11,N11,GT,Mgat3,Q10470,NP_034925,NM_010795,Mgat3,17309,mouse,,,,
N-glycan_b-D-Galp_68,N68,GT,B4galt2,O60909,NP_085076,NM_030587,B4GALT2,8704,human,,,,
N-glycan_a-D-Manp_20,N20,GT,Alg3,Q8K2A8,NP_666051,NM_145939,Alg3,208624,mouse,,,,
N-glycan_b-D-GalpNAc_74,N74,GT,B4galnt4,Q76KP1,NP_848632,NM_178537,B4GALNT4,338707,human,,,,
N-glycan_a-D-Glcp_27,N27,GT,Alg10b,Q3UGP8,NP_001028613,NM_001033441,Alg10b,380959,mouse,,,,
N-glycan_b-D-GalpNAc_74,N74,GT,B4galnt4,Q766D5,NP_808565,NM_177897,B4galnt4,330671,mouse,,,,Branch site specificity unknown
N-glycan_b-D-Galp_86,N86,GT,B3galt5,Q9Y2C3,NP_006048,NM_006057,B3GALT5,10317,human,,,,
N-glycan_a-D-Glcp_26,N26,GT,Alg8,Q9BVK2,NP_076984,NM_024079,ALG8,79053,human,,,,
N-glycan_a-D-Glcp_25,N25,GT,Alg6,Q3TAE8,NP_001074733,NM_001081264,Alg6,320438,mouse,,,,
N-glycan_a-D-Galp_52,N52,GT,Abo,P16442,NP_065202,NM_020469,ABO,28,human,N53,,The minimal acceptor for ABO is an H-disaccharide (aFuc1-2bGal) so stuctures containing a-Gal N52 but missing a-Fuc N53 are potentially catabolic products,
N-glycan_a-L-Fucp_43,N43,GT,Fut9,Q9Y231,NP_006572,NM_006581,FUT9,10690,human,,,Prefers Non-SO4 & Non-SA - little to no act on 3O SO4 or SA,
N-glycan_a-D-Manp_1,N1,GT,Alg2,Q9H553,NP_149078,NM_033087,ALG2,85365,human,,,,
N-glycan_a-D-NeupNAc_101,N101,GT,St3gal3,Q11203,NP_777623,NM_006279,ST3GAL3,6487,human,,,minor (type 1> type2),
N-glycan_a-D-Manp_22,N22,GT,Alg11,Q2TAA5,NP_001004127.1,NM_001004127,ALG11,440138,human,,,,
N-glycan_core_b-D-Manp,NC,GT,Alg1,Q9BT22,NP_061982,NM_019109,ALG1,56052,human,,,,
N-glycan_b-D-GalpNAc_74,N74,GT,B4galnt3,Q6L9W6,NP_775864,NM_173593,B4GALNT3,283358,human,,,,
N-glycan_b-D-GlcpNAc_7,N7,GT,Mgat4a,Q9UM21,NP_036346,NM_012214,MGAT4A,11320,human,,,,
N-glycan_a-D-Galp_52,N52,GT,Abo,P38649,NP_109643,NM_030718,Abo,80908,mouse,N53,,The minimal acceptor for ABO is an H-disaccharide (aFuc1-2bGal) so stuctures containing a-Gal N52 but missing a-Fuc N53 are potentially catabolic products,
N-glycan_core_b-D-GlcpNAc_B,NB,GT,Alg13,Q9D8C3,NP_080523,NM_026247,Alg13,67574,mouse,,,,
N-glycan_a-D-NeupNAc_101,N101,GT,St3gal4,Q11206,NP_006269,NM_006278,ST3GAL4,6484,human,,,type 2> type1,
N-glycan_a-D-Manp_20,N20,GT,Alg3,Q92685,NP_005778,NM_005787,ALG3,10195,human,,,,
N-glycan_b-D-GalpNAc_74,N74,GT,B4galnt3,A0A1D5RMF7,NP_942585,NM_198884,B4galnt3,330406,mouse,,,,Branch site specificity unknown
N-glycan_core_b-D-GlcpNAc_B,NB,GT,Alg13,Q9NP73,NP_060936,NM_018466,ALG13,79868,human,,,,
N-glycan_a-L-Fucp_43,N43,GT,Fut4,Q11127,NP_034372,NM_010242,Fut4,14345,mouse,,,Equal preference for 3O sulf and Non-SO4 and Non-SA Type 1 and 2 - Little act on Sial,Branch site specificity unknown: Listed in potential order of specificity
N-glycan_a-L-Fucp_43,N43,GT,Fut3,P21217,NP_000140,NM_000149,FUT3,2525,human,,,Pref 3O sulf Type I and 2> Non-SO4 & Non-SA> Sial Type 1 & 2,
N-glycan_a-L-Fucp_43,N43,GT,Fut5,Q11128,NP_002025,NM_002034,FUT5,2527,human,,,Pref 3O sulf Type I and 2> Sial Type 1&2>Non-SO4 & Non-SA,
N-glycan_b-D-GlcpNAc_7,N7,GT,Mgat4a,Q812G0,NP_776295,NM_173870,Mgat4a,269181,mouse,,,,
N-glycan_a-D-Manp_24,N24,GT,Alg9,Q9H6U8,NP_079016,NM_024740,ALG9,79796,human,,,,
N-glycan_core_b-D-GlcpNAc_B,NB,GT,Alg14,Q96F25,NP_659425,NM_144988,ALG14,199857,human,,,,
N-glycan_core_D-GlcNAc_A,NA,GT,Dpagt1,P42867,NP_031901,NM_007875,Dpagt1,13478,mouse,,,,
N-glycan_core_b-D-GlcpNAc_B,NB,GT,Glt28d2,Q8BML3,NP_796104,NM_177130,Glt28d2,320302,mouse,,,not in human,
N-glycan_b-D-GlcpNAc_67,N67,GT,B3gnt2,Q9Z222,NP_058584,NM_016888,B3gnt2,53625,mouse,,,major,Branch site specificity unknown
N-glycan_b-D-GlcpNAc_9,N9,GT,Mgat5b,Q765H6,NP_766536,NM_172948,Mgat5b,268510,mouse,,,minor?,
N-glycan_b-D-GlcpNAc_31,N31,GT,Mgat4c,Q9D306,NP_080519,NM_026243,Mgat4c,67569,mouse,,,putative acivity,
N-glycan_a-L-Fucp_41,N41,GT,Fut10,Q5F2L2,NP_598922,NM_134161,Fut10,171167,mouse,,,??? May GT to GlcNAc with out attached B4Gal residue,Branch site specificity unknown
N-glycan_b-D-GlcpNAc_9,N9,GT,Mgat5b,Q3V5L5,NP_653278,NM_144677,MGAT5B,146664,human,,,minor?,
N-glycan_a-D-NeupNAc_101,N101,GT,St3gal4,Q91Y74,NP_033204,NM_009178,St3gal4,20443,mouse,,,type 2> type1,Branch site specificity unknown
N-glycan_b-D-GlcpNAc_67,N67,GT,B3gnt8,Q7Z7M8,NP_940942,NM_198540,B3GNT8,374907,human,,,,
N-glycan_a-D-NeupNAc_70,N70,GT,St6gal2,Q96JF0,NP_115917,NM_032528,ST6GAL2,84620,human,,,minor,
N-glycan_b-D-Galp_68,N68,GT,B4galt3,Q91YY2,NP_065604,NM_020579,B4galt3,57370,mouse,,,,Branch site specificity unknown
N-glycan_core_D-GlcNAc_A,NA,GT,Dpagt1,Q9H3H5,NP_001373,NM_001382,DPAGT1,1798,human,,,,
N-glycan_a-D-Glcp_25,N25,GT,Alg6,Q9Y672,NP_037471,NM_013339,ALG6,29929,human,,,,
N-glycan_b-D-GlcpNAc_67,N67,GT,B3gnt2,Q9NY97,NP_006568,NM_006577,B3GNT2,10678,human,,,major,
N-glycan_b-D-Galp_68,N68,GT,B4galt2,Q9Z2Y2,NP_059073,NM_017377,B4galt2,53418,mouse,,,,Branch site specificity unknown
N-glycan_a-D-Manp_23,N23,GT,Alg12,Q8VDB2,NP_663452,NM_145477,Alg12,223774,mouse,,,,
N-glycan_core_b-D-Manp,NC,GT,Alg1,Q921Q3,NP_663337,NM_145362,Alg1,208211,mouse,,,,
N-glycan_core_b-D-GlcpNAc_B,NB,GT,Alg14,Q9D081,NP_077140,NM_024178,Alg14,66789,mouse,,,,
N-glycan_a-D-NeupNAc_70,N70,GT,St6gal2,Q76K27,NP_766417,NM_172829,St6gal2,240119,mouse,,,minor,Branch site specificity unknown
N-glycan_a-D-NeupNAc_70,N70,GT,St6gal1,Q64685,NP_666045,NM_145933,St6gal1,20440,mouse,,,major,Branch site specificity unknown
N-glycan_a-D-Manp_22,N22,GT,Alg11,Q3TZM9,NP_898965,NM_183142,Alg11,207958,mouse,,,,
N-glycan_b-D-Galp_86,N86,GT,B3gal2,O43825,NP_003774,NM_003783,B3GALT2,8707,human,,,,
N-glycan_b-D-GlcpNAc_5,N5,GT,Mgat2,Q10469,NP_002399,NM_002408,MGAT2,4247,human,,,,
N-glycan_a-D-Glcp_27,N27,GT,Alg10b,Q5BKT4,NP_116223,NM_032834,ALG10,84920,human,,,,
N-glycan_b-D-GlcpNAc_31,N31,GT,Mgat4c,Q9UBM8,NP_037376,NM_013244,MGAT4C,25834,human,,,putative acivity,
N-glycan_b-D-GlcpNAc_2,N2,GT,Mgat1,P26572,NP_001108090,NM_001114618,MGAT1,4245,human,,,,
N-glycan_a-L-Fucp_71,N71,GT,Fut1,P19526,NP_000139,NM_000148,FUT1,2523,human,,,,
N-glycan_a-D-NeupNAc_101,N101,GT,St3gal6,Q8VIB3,NP_061254,NM_018784,St3gal6,54613,mouse,,,type 2,Branch site specificity unknown
N-glycan_b-D-Galp_68,N68,GT,B4galt3,O60512,NP_003770,NM_003779,B4GALT3,8703,human,,,,
N-glycan_a-D-NeupNAc_101,N101,GT,St3gal6,Q9Y274,NP_006091,NM_006100,ST3GAL6,10402,human,,,type 2,
N-glycan_a-L-Fucp_71,N71,GT,Fut1,O09160,NP_032077,NM_008051,Fut1,14343,mouse,,,,
N-glycan_a-L-Fucp_41,N41,GT,Fut10,Q6P4F1,NP_116053,NM_032664,FUT10,84750,human,,,??? May GT to GlcNAc with out attached B4Gal residue,
N-glycan_b-D-GlcpNAc_5,N5,GT,Mgat2,Q921V5,NP_666147,NM_146035,Mgat2,217664,mouse,,,,
N-glycan_a-L-Fucp_71,N71,GT,Sec1,P97353,NP_001258507,NM_019934,Sec1,56546,mouse,,,not in human,
N-glycan_b-D-GlcpNAc_67,N67,GT,B3gnt4,Q1RLK6,NP_941013,NM_198611,B3gnt4,231727,mouse,,,minor,Branch site specificity unknown
N-glycan_a-D-Manp_1,N1,GT,Alg2,Q9DBE8,NP_064382,NM_019998,Alg2,56737,mouse,,,,
N-glycan_a-L-Fucp_41,N41,GT,Fut11,Q8BHC9,NP_082704,NM_028428,Fut11,73068,mouse,,,???,Branch site specificity unknown
N-glycan_a-L-Fucp_71,N71,GT,Fut2,Q10981,NP_000502,NM_000511,FUT2,2524,human,,,,
N-glycan_b-D-GlcpNAc_11,N11,GT,Mgat3,Q09327,NP_003500,NM_002409,MGAT3,4248,human,,,,
N-glycan_b-D-Galp_86,N86,GT,B3gal2,O54905,NP_064409,NM_020025,B3gal2,26878,mouse,,,,Branch site specificity unknown
N-glycan_b-D-GlcpNAc_7,N7,GT,Mgat4b,Q812F8,NP_666038,NM_145926,Mgat4b,103534,mouse,,,,
N-glycan_a-L-Fucp_15,N15,GT,Fut8,Q9WTS2,NP_058589,NM_016893,Fut8,53618,mouse,,,,
N-glycan_a-L-Fucp_41,N41,GT,Fut11,Q495W5,NP_775811,NM_173540,FUT11,170384,human,,,???,
N-glycan_a-L-Fucp_43,N43,GT,Fut9,O88819,NP_034373,NM_010243,Fut9,14348,mouse,,,Prefers Non-SO4 & Non-SA - little to no act on 3O SO4 or SA,Branch site specificity unknown: Listed in potential order of specificity
N-glycan_b-D-GlcpNAc_9,N9,GT,Mgat5,Q09328,NP_002401,NM_002410,MGAT5,4249,human,,,major,
N-glycan_a-L-Fucp_15,N15,GT,Fut8,Q9BYC5,NP_835368,NM_178155,FUT8,2530,human,,,,
N-glycan_b-D-Galp_86,N86,GT,B3galt5,Q9JI67,NP_149161,NM_033149,B3galt5,96961,mouse,,,,Branch site specificity unknown
N-glycan_a-L-Fucp_43,N43,GT,Fut4,P22083,NP_002024,NM_002033,FUT4,2526,human,,,Equal preference for 3O sulf and Non-SO4 and Non-SA Type 1 and 2 - Little act on Sial,
N-glycan_b-D-GlcpNAc_2,N2,GT,Mgat1,P27808,NP_034924,NM_010794,Mgat1,17308,mouse,,,,
N-glycan_b-D-GlcpNAc_67,N67,GT,B3gnt4,Q9C0J1,NP_110392,NM_030765,B3GNT4,79369,human,,,minor,
N-glycan_b-D-GlcpNAc_9,N9,GT,Mgat5,Q8R4G6,NP_660110,NM_145128,Mgat5,107895,mouse,,,major,
N-glycan_a-D-NeupNAc_101,N101,GT,St3gal3,P97325,NP_033202,NM_009176,St3gal3,20441,mouse,,,minor (type 1> type2),Branch site specificity unknown
N-glycan_a-L-Fucp_43,N43,GT,Fut6,P51993,NP_000141,NM_000150,FUT6,2528,human,,,Pref 3O sulf Type I and 2> Sial Type 1&2>Non-SO4 & Non-SA,
N-glycan_a-D-Manp_23,N23,GT,Alg12,Q9BV10,NP_077010,NM_024105,ALG12,79087,human,,,,
N-glycan_b-D-GlcpNAc_7,N7,GT,Mgat4b,Q9UQ53,NP_055090,NM_014275,MGAT4B,11282,human,,,,
N-glycan_b-D-Galp_68,N68,GT,B4galt1,P15291,NP_001488,NM_001497,B4GALT1,2683,human,,,,
N-glycan_b-D-Galp_68,N68,GT,B4galt1,P15535,NP_071641,NM_022305,B4galt1,14595,mouse,,,,Branch site specificity unknown
N-glycan_a-D-Glcp_26,N26,GT,Alg8,Q6P8H8,NP_950200,NM_199035,Alg8,381903,mouse,,,,
