glytoucan_ac,residue_name,residue_id,name,anomer,absolute,ring,parent_id,site,formName
G25142NH,unassigned,11,GlcNAc,b,D,p,9,4,GlcpNAc
G25142NH,unassigned,1,GlcNAc,b,D,p,0,0,GlcpNAc
G25142NH,unassigned,13,GlcNAc,b,D,p,11,4,GlcpNAc
G25142NH,unassigned,3,GlcNAc,b,D,p,1,4,GlcpNAc
G25142NH,unassigned,15,Man,a,D,p,5,6,Manp
G25142NH,unassigned,5,Man,b,D,p,3,4,Manp
G25142NH,unassigned,16,GlcNAc,b,D,p,15,2,GlcpNAc
G25142NH,unassigned,6,Man,a,D,p,5,3,Manp
G25142NH,unassigned,7,GlcNAc,b,D,p,6,2,GlcpNAc
G25142NH,unassigned,18,GlcNAc,b,D,p,16,4,GlcpNAc
G25142NH,unassigned,9,GlcNAc,b,D,p,7,4,GlcpNAc
G25142NH,unassigned,20,Fuc,a,L,p,1,6,Fucp
